,TCpol,TCs,Amyg,OFCi,INSa,OFCm,TCc,OFCl,TCi,PHC,INS-G,PMCvl,VACv,INSp,PFCpol,HIP,sACC,PFCvl,V2,PFCm,TCv,VACd,V1-right,PFCcl,A2,CCr,CCp,ACC,S2,S1,A1,M1,PCi,PCm,PFCdm,PCip,PCs,FEF,PFCdl,PMCm,PMCdl,Thal-Front,Thal-Temp,Thal-OccPar,BG-caud,BG-put,BG-pall,BG-nac,TCpol.1,TCs.1,Amyg.1,OFCi.1,INSa.1,OFCm.1,TCc.1,OFCl.1,TCi.1,PHC.1,INS-G.1,PMCvl.1,VACv.1,INSp.1,PFCpol.1,HIP.1,sACC.1,PFCvl.1,V2.1,PFCm.1,TCv.1,VACd.1,V1-left,PFCcl.1,A2.1,CCr.1,CCp.1,ACC.1,S2.1,S1.1,A1.1,M1.1,PCi.1,PCm.1,PFCdm.1,PCip.1,PCs.1,FEF.1,PFCdl.1,PMCm.1,PMCdl.1,Thal-Front.1,Thal-Temp.1,Thal-OccPar.1,BG-caud.1,BG-put.1,BG-pall.1,BG-nac.1
P5201,0.8280657529830933,0.1974209547042846,0.7982335686683655,0.514313280582428,0.7119796276092529,0.4302614033222198,0.4739169180393219,0.4587647616863251,0.6642636060714722,0.3822404742240906,0.6066677570343018,0.3287727832794189,0.5774285793304443,0.3186185359954834,0.4662445485591888,0.5621775984764099,0.4375745058059692,0.3490354716777801,0.4261489510536194,0.6292192339897156,0.5834681391716003,0.3944108784198761,0.37798672914505,0.2965691089630127,0.5230514407157898,0.6199283003807068,0.3216278254985809,0.3797571361064911,0.4062980413436889,0.255433052778244,0.6052453517913818,0.2893869578838348,0.3936615586280823,0.3753707110881805,0.4567312896251678,0.4865270256996155,0.4374249577522278,0.4186537265777588,0.289948970079422,0.2834579050540924,0.2747336626052856,0.2922112643718719,0.3105001747608185,0.3417167067527771,0.455553263425827,0.4669705331325531,0.5235626101493835,0.6090908050537109,0.4544110000133514,0.1663481891155243,0.3465049266815185,0.4053658246994018,0.3101822137832641,0.3080413043498993,0.3380967378616333,0.3334895968437195,0.6159855723381042,0.4362526535987854,0.4984523355960846,0.3284517824649811,0.432589054107666,0.2771379351615906,0.5248963236808777,0.3737646341323852,0.3777747452259063,0.386645644903183,0.3676097989082336,0.6976455450057983,0.5400449633598328,0.3229387700557709,0.429860383272171,0.2875002026557922,0.3596550226211548,0.5442821979522705,0.2829791605472564,0.3887484669685364,0.3335004150867462,0.4053032100200653,0.4407172501087188,0.300857663154602,0.3241097331047058,0.3454238176345825,0.4152589738368988,0.4149121046066284,0.4185308814048767,0.3908990919589996,0.2404067814350128,0.3138866126537323,0.3183510899543762,0.2471166253089904,0.2561973333358764,0.4172622561454773,0.5109601020812988,0.450255811214447,0.6212267279624939,0.4548042714595794
P5203,0.3160479962825775,0.2188177406787872,0.6033740639686584,0.4041254818439483,0.380780816078186,0.2576936483383178,0.2073415219783783,0.2394614815711975,0.4250934720039367,0.3899348676204681,0.3971786499023437,0.3529830873012543,0.3186377882957458,0.2874302268028259,0.3152071237564087,0.4472026824951172,0.3163505494594574,0.299782931804657,0.362301230430603,0.3506100475788116,0.2205099761486053,0.2599577605724334,0.4006526172161102,0.2260421514511108,0.2365770190954208,0.3788965046405792,0.3073232173919678,0.2243615388870239,0.3833086192607879,0.2253672182559967,0.4193646907806396,0.1612394899129867,0.3010687232017517,0.2485479116439819,0.3022377490997314,0.1869088411331176,0.2283966392278671,0.3051036596298218,0.2494471222162246,0.2210884988307953,0.2754593193531036,0.2963171303272247,0.2324653714895248,0.2705237567424774,0.3306083381175995,0.2614385783672333,0.4891940951347351,0.5146243572235107,0.4183564484119415,0.2204682379961013,0.5942860841751099,0.3837358653545379,0.4094239771366119,0.265856385231018,0.2874187529087066,0.275408923625946,0.4479789435863495,0.4584239721298218,0.3075459003448486,0.3630143702030182,0.4842825829982757,0.2570996880531311,0.3691534996032715,0.3741798102855682,0.2629143595695495,0.3121894598007202,0.518294632434845,0.3843542635440826,0.310903936624527,0.1929647028446197,0.3721954524517059,0.2287391871213913,0.4570745527744293,0.4290451407432556,0.3543690145015716,0.2340136766433715,0.284683883190155,0.1922377347946167,0.3444265127182007,0.1955617815256118,0.2807606160640716,0.2632094323635101,0.3275258839130401,0.2329942733049392,0.2365026473999023,0.3278354108333587,0.274610698223114,0.2066453397274017,0.2631066143512726,0.294271320104599,0.2566873133182525,0.304751992225647,0.317099004983902,0.3288373351097107,0.4583356976509094,0.4388927817344665
P5205,0.348829448223114,0.2834053635597229,0.4376682639122009,0.3087932467460632,0.3692335188388824,0.2608566582202911,0.3565525114536285,0.2755206227302551,0.602095365524292,0.3676771223545074,0.323722630739212,0.296735405921936,0.4429695606231689,0.3568050265312195,0.350016713142395,0.3444326221942901,0.3753412365913391,0.1860405653715133,0.4096786081790924,0.3159575164318084,0.5692417621612549,0.4006735384464264,0.6874037981033325,0.2578176856040954,0.5276934504508972,0.4926934838294983,0.3855309188365936,0.3152723014354706,0.3673184812068939,0.2574705183506012,0.5275031924247742,0.2277125567197799,0.2353708148002624,0.3460255861282348,0.3501297533512115,0.2783935070037842,0.3792881667613983,0.3576753437519073,0.3300027251243591,0.2925178706645965,0.3205841481685638,0.3277974724769592,0.3451591730117798,0.3139043152332306,0.5138243436813354,0.4904469847679138,0.4855734407901764,0.4243454337120056,0.303742915391922,0.2472162991762161,0.5535940527915955,0.3134761154651642,0.5326989889144897,0.3286239802837372,0.2345592379570007,0.2934155464172363,0.7057900428771973,0.3349376916885376,0.3161137402057647,0.2614704370498657,0.4544355273246765,0.2830566763877868,0.479609340429306,0.2701210081577301,0.4282043278217315,0.2376709729433059,0.4778281152248382,0.418375551700592,0.5220963954925537,0.4806490540504455,0.741856575012207,0.2717571258544922,0.5092766880989075,0.4698696434497833,0.4022834300994873,0.2725097835063934,0.3830541968345642,0.2717525362968445,0.4679051339626312,0.2456903457641601,0.2432243674993515,0.4706812500953674,0.3605893552303314,0.2631798684597015,0.4368555545806885,0.3455246388912201,0.3556365072727203,0.2966463565826416,0.3688549697399139,0.3981243968009949,0.3343443870544433,0.3241328597068786,0.5180395841598511,0.466349184513092,0.4861123263835907,0.4164519608020782
P5206,0.1813867688179016,0.1912158280611038,0.4023315608501434,0.2490196675062179,0.4436922669410705,0.1919902861118316,0.2611212730407715,0.1612159162759781,0.6535608172416687,0.2078316360712051,0.3235772848129272,0.3631279468536377,0.4092708528041839,0.3942441940307617,0.3872970640659332,0.2523013651371002,0.3388264775276184,0.2121613323688507,0.5164033770561218,0.3317169547080993,0.5365110039710999,0.2868416905403137,0.6197881698608398,0.1946583241224289,0.5100365877151489,0.3233161568641662,0.2935204803943634,0.2117569893598556,0.3811504244804382,0.4227210879325866,0.6016963720321655,0.2247185558080673,0.2741788625717163,0.3674342632293701,0.3096344769001007,0.3405240774154663,0.4120516777038574,0.3340088129043579,0.3009808957576751,0.3181386291980743,0.2438483834266662,0.6912268400192261,0.304396241903305,0.4513794183731079,0.3794481456279754,0.6027780175209045,0.4514620304107666,0.517827570438385,0.2354484349489212,0.2221162170171737,0.3093825280666351,0.2622486650943756,0.2236697524785995,0.2280397266149521,0.2629886865615845,0.177623450756073,0.6761804223060608,0.2981509268283844,0.3023065030574798,0.2162367105484008,0.3930500447750091,0.3306365609169006,0.3994942009449005,0.2724266946315765,0.3415113985538482,0.1688352078199386,0.4414181411266327,0.406309574842453,0.596790075302124,0.3259349167346954,0.6193234920501709,0.2164699733257293,0.4272675216197967,0.533831775188446,0.3358366191387176,0.223700612783432,0.385298877954483,0.3432630002498626,0.5005122423171997,0.1573287844657898,0.2298376262187957,0.4330520033836365,0.3222289085388183,0.3900336027145386,0.4229673743247986,0.2398582398891449,0.2630386054515838,0.4061502516269684,0.270391970872879,0.585757315158844,0.3402963876724243,0.408945769071579,0.31065434217453,0.6168972849845886,0.4046345353126526,0.4597696959972381
P5207,0.3099797070026397,0.2108204662799835,0.445162832736969,0.4446871876716614,0.5216737985610962,0.3491125106811523,0.3696162104606628,0.6636311411857605,0.5015469789505005,0.5655255317687988,0.7219523191452026,0.3719838857650757,0.3324371874332428,0.2821235358715057,0.3570624887943268,0.3889403939247131,0.4180595874786377,0.5329140424728394,0.4486092329025268,0.4787460565567016,0.5646759867668152,0.3128250539302826,0.4173158407211303,0.3677089810371399,0.4964732527732849,0.5945190787315369,0.3542084991931915,0.2928351759910583,0.4823424816131592,0.3733440637588501,0.6534830331802368,0.2425245344638824,0.3567877411842346,0.4549040794372558,0.5059570074081421,0.3203864097595215,0.4309585988521576,0.4154386818408966,0.3978192806243896,0.2745648622512817,0.3263965547084808,0.3439967930316925,0.3411264717578888,0.4877802729606628,0.3420932292938232,0.5587666630744934,0.4814469814300537,0.5443053245544434,0.4555688500404358,0.2520332336425781,0.4714685678482055,0.3463038504123688,0.5375368595123291,0.3459085524082184,0.2879650890827179,0.3932574093341827,0.4258981943130493,0.3455901741981506,0.4544887244701385,0.3914246261119842,0.3208616375923157,0.4181729853153229,0.2778077125549316,0.2497465759515762,0.4463387131690979,0.2349144667387008,0.4379626512527466,0.3636331856250763,0.4078890979290008,0.3279131054878235,0.4298606812953949,0.2429095208644867,0.3934033215045929,0.7014983892440796,0.4632170498371124,0.3077863156795501,0.4536696970462799,0.2695952951908111,0.5925208330154419,0.2209076732397079,0.3236764669418335,0.4432159662246704,0.5061610341072083,0.2418673485517501,0.3852238059043884,0.4706591069698334,0.507030189037323,0.3967345654964447,0.4596853256225586,0.4033665657043457,0.3420855104923248,0.3829532265663147,0.470208466053009,0.5323955416679382,0.4089579880237579,0.4759902656078338
P5208,0.2018954157829284,0.227583110332489,0.3991971909999847,0.260703444480896,0.3726290762424469,0.1556930541992187,0.2118231356143951,0.2232616692781448,0.2403601855039596,0.373208999633789,0.2491057962179184,0.3141735196113586,0.3767195641994476,0.2773029208183288,0.3328580260276794,0.2423952966928482,0.5189745426177979,0.3038597702980041,0.6416066884994507,0.3518410325050354,0.4445793032646179,0.3505255579948425,0.7360706925392151,0.3061932921409607,0.2876860201358795,0.426896721124649,0.4244012832641601,0.1637318432331085,0.4873987138271332,0.3798779249191284,0.3685947060585022,0.1660174876451492,0.3022209405899048,0.5616036057472229,0.5589532256126404,0.3555663228034973,0.4393799006938934,0.3193424642086029,0.2882891297340393,0.3892170786857605,0.2243314236402511,0.214266836643219,0.3053452968597412,0.3550028800964355,0.3567745089530945,0.3486813604831695,0.2696796655654907,0.3363964259624481,0.1792478859424591,0.2774570882320404,0.3227712512016296,0.1755658686161041,0.2064708918333053,0.2488690167665481,0.2220254391431808,0.1564784198999405,0.2734606862068176,0.397983193397522,0.2360062599182129,0.2898399829864502,0.5011104345321655,0.2067164927721023,0.4101298153400421,0.2471783459186554,0.3926736414432525,0.1738578528165817,0.5938349366188049,0.2619274854660034,0.3814283907413482,0.2546007335186004,0.724639356136322,0.1937368214130401,0.3168272376060486,0.5838788151741028,0.3432464301586151,0.1484486162662506,0.3668582737445831,0.3617799878120422,0.5093402862548828,0.1277195513248443,0.3055281639099121,0.5357840061187744,0.3416429460048675,0.3952138423919678,0.5709468722343445,0.3143202662467956,0.3526126444339752,0.2983789145946502,0.2599535882472992,0.3033728003501892,0.2677730023860931,0.2601547539234161,0.3757032752037048,0.3508642911911011,0.4448966085910797,0.3327491581439972
P5209,0.3210251033306122,0.1885367482900619,0.5582005381584167,0.3009264469146728,0.2759953737258911,0.1879635900259018,0.260178655385971,0.1540978997945785,0.3290533423423767,0.3375771343708038,0.3576517403125763,0.1710808426141739,0.3119425475597381,0.2211645096540451,0.2969520688056946,0.2692531645298004,0.2754431962966919,0.2307333201169967,0.372145414352417,0.2993525862693786,0.4020713269710541,0.2243806719779968,0.4094299972057342,0.1985860466957092,0.2510329484939575,0.401284396648407,0.4771415889263153,0.1915099322795868,0.3401151597499847,0.2077191621065139,0.3823637068271637,0.1455262005329132,0.2291406393051147,0.5063336491584778,0.2122087031602859,0.2316886037588119,0.3424555659294128,0.1895847469568252,0.1656673699617386,0.243974968791008,0.2585867345333099,0.3382229506969452,0.277759850025177,0.2312575429677963,0.2733339071273803,0.3374947011470794,0.2990201711654663,0.4395177364349365,0.2358986884355545,0.2374551594257354,0.4092428982257843,0.2251331657171249,0.272830069065094,0.2957811653614044,0.2299752980470657,0.2426950335502624,0.266452819108963,0.3894755840301513,0.2180799692869186,0.1801194697618484,0.4280712604522705,0.2019897401332855,0.315410852432251,0.2138870358467102,0.3873423337936401,0.1634749621152877,0.4063125848770141,0.2629611790180206,0.413535863161087,0.2147143632173538,0.4457046091556549,0.2011228650808334,0.2942205667495727,0.4883126318454742,0.4784185588359833,0.1672209352254867,0.2676561772823334,0.2061985284090042,0.2728048861026764,0.1423327326774597,0.2014409899711609,0.6081330180168152,0.2091599553823471,0.2575636804103851,0.4255079925060272,0.2068146169185638,0.1925842463970184,0.1914614886045456,0.2140828818082809,0.3422470986843109,0.3188840746879577,0.2479113191366195,0.2929492592811584,0.365836501121521,0.3063263893127441,0.4295424818992615
P5210,0.3873254060745239,0.1881296783685684,0.345653623342514,0.4977821707725525,0.5750083923339844,0.4046008586883545,0.2312006503343582,0.2618636190891266,0.2744305729866028,0.4123053848743438,0.3600395619869232,0.2715534269809723,0.5644603371620178,0.3224099278450012,0.3805992007255554,0.2527785897254944,0.5415027141571045,0.4319522380828857,0.5312663912773132,0.3256775736808777,0.4390007555484772,0.3569360971450805,0.6953548192977905,0.2436380833387375,0.3591256439685821,0.5949059724807739,0.3633070588111877,0.2007788568735122,0.4248571991920471,0.1734839826822281,0.4356200397014618,0.2463914304971695,0.3409720063209533,0.5753822922706604,0.3002869188785553,0.3432324528694153,0.5229097008705139,0.3353698849678039,0.2237226217985153,0.3642008900642395,0.3224623799324035,0.3168746829032898,0.2501613795757293,0.269572764635086,0.386047899723053,0.3807337284088135,0.3243214190006256,0.5422759056091309,0.2649692595005035,0.1789751201868057,0.4198025166988373,0.4416900873184204,0.4518640637397766,0.3977755606174469,0.3668884634971618,0.2680404186248779,0.419425368309021,0.334615409374237,0.3499199748039245,0.3060089647769928,0.4877876341342926,0.2796678245067596,0.3041825294494629,0.2988065779209137,0.2962359189987182,0.3101526796817779,0.4699752330780029,0.3913291096687317,0.4143515527248382,0.2692158222198486,0.5887593030929565,0.2443853914737701,0.4189815819263458,0.4639255702495575,0.3762624859809875,0.1916906088590622,0.3701128661632538,0.2989693880081177,0.4754388034343719,0.1794516742229461,0.2673080861568451,0.5991633534431458,0.2945987582206726,0.3014350831508636,0.4176421463489532,0.2955004572868347,0.2617015540599823,0.315138429403305,0.3293508887290954,0.3581579029560089,0.2947707772254944,0.2215108126401901,0.3301841020584106,0.4130983352661133,0.3493731319904327,0.4021681547164917
P5211,0.2039517611265182,0.1826652437448501,0.3177609145641327,0.1825851947069168,0.624198317527771,0.2157795429229736,0.1731019169092178,0.1923117488622665,0.3896597623825073,0.4082004725933075,0.3766238093376159,0.3276207745075226,0.3937319219112396,0.5408738851547241,0.4391655027866363,0.2979588508605957,0.3564542531967163,0.2380415350198745,0.2463402450084686,0.3223462700843811,0.3781271576881408,0.2860186696052551,0.4490512311458587,0.2377756088972091,0.3031953573226928,0.6308577060699463,0.5020678639411926,0.4230380654335022,0.3420761823654175,0.2112651318311691,0.4344784915447235,0.1595471650362014,0.2461674958467483,0.5164480209350586,0.4085895121097564,0.2887460887432098,0.3422853052616119,0.228297933936119,0.3964042961597442,0.2343685925006866,0.3087873756885528,0.3407028913497925,0.2376961261034011,0.2723799645900726,0.3333069384098053,0.3696370124816894,0.2292738705873489,0.2824508845806122,0.4353338181972503,0.1945390850305557,0.2968455851078033,0.1725527048110962,0.3481222689151764,0.2583709955215454,0.1818431317806244,0.2458800226449966,0.4216269254684448,0.4089240431785583,0.2849583029747009,0.2662131190299988,0.4587504863739013,0.32718226313591,0.4012553095817566,0.287089854478836,0.4921988844871521,0.261109709739685,0.3440316021442413,0.3568235337734222,0.3573990166187286,0.2882384359836578,0.3825911581516266,0.2122190743684768,0.372943252325058,0.6836531758308411,0.4929377734661102,0.4247516691684723,0.3151016235351562,0.1882216930389404,0.4612192809581756,0.1341482996940612,0.2182163745164871,0.5869463682174683,0.3872795701026916,0.3445431590080261,0.3849356174468994,0.2175634354352951,0.3233906328678131,0.276050329208374,0.3295720517635345,0.3170606791973114,0.3078731000423431,0.2579456865787506,0.2823815643787384,0.3634424805641174,0.2923103272914886,0.3137438893318176
P5212,0.2588633596897125,0.2008337974548339,0.2965967953205108,0.2911109924316406,0.2339046597480774,0.2385303676128387,0.2280771434307098,0.1724498122930526,0.3541907370090484,0.2794690728187561,0.2881824076175689,0.2767255902290344,0.2105871438980102,0.2138827443122863,0.3898596167564392,0.1725095361471176,0.3134412765502929,0.1791743636131286,0.2397694587707519,0.3482907712459564,0.256122887134552,0.1785140931606292,0.3312474489212036,0.1906073838472366,0.319693773984909,0.3892882168292999,0.3485066294670105,0.2367782592773437,0.3464749455451965,0.1910606771707534,0.5260334610939026,0.1341442912817001,0.2517384588718414,0.3568933606147766,0.3237273395061493,0.2304492592811584,0.2755776047706604,0.4466480314731598,0.2457325160503387,0.3959065973758697,0.2762738466262817,0.3987112641334533,0.2794992625713348,0.2958037555217743,0.2710347175598144,0.4051807224750519,0.3368648588657379,0.3931016623973846,0.2412051409482956,0.1670812219381332,0.3432506918907165,0.2461216747760772,0.2914034724235534,0.212603285908699,0.2088681757450103,0.1589161902666092,0.3517393171787262,0.2379195839166641,0.3536302745342254,0.1802833974361419,0.2030829191207885,0.2646026015281677,0.3915772140026092,0.2289482653141021,0.3397447466850281,0.2646932601928711,0.2971388101577759,0.3100440502166748,0.3519326448440552,0.2342262715101242,0.4404490888118744,0.2100764214992523,0.263538122177124,0.433970034122467,0.4050500392913818,0.2055349200963974,0.3012652695178985,0.1748566329479217,0.3989624381065368,0.1928562074899673,0.2679260969161987,0.4486899375915527,0.3112586140632629,0.1897258311510086,0.3801811635494232,0.3392881751060486,0.2964246571063995,0.1907970607280731,0.206879585981369,0.3709572851657867,0.3790065050125122,0.2708401978015899,0.26133593916893,0.4379808008670807,0.3103504180908203,0.3800486028194427
P5212,0.4167136549949646,0.2620086967945099,0.4059523344039917,0.329276978969574,0.3684002757072449,0.2621307969093323,0.346884548664093,0.1939063370227813,0.6822373270988464,0.3831011950969696,0.3717631101608276,0.224723681807518,0.4814196228981018,0.2415019869804382,0.4643500447273254,0.3328176438808441,0.4175642728805542,0.2324536889791488,0.4338226020336151,0.4978465437889099,0.6709163784980774,0.423387199640274,0.6677943468093872,0.2840628623962402,0.3432103991508484,0.5390931367874146,0.4452269375324249,0.2155924290418625,0.4501265287399292,0.3219553828239441,0.588927149772644,0.2305488884449005,0.3454931676387787,0.5436685085296631,0.3564708530902862,0.4689412117004394,0.4146527945995331,0.2879862785339355,0.3271989226341247,0.2673245072364807,0.2647860646247864,0.4644064009189605,0.3017020523548126,0.409490704536438,0.3661915063858032,0.4366683661937713,0.3890007138252258,0.628028392791748,0.360967218875885,0.28948575258255,0.4584033191204071,0.4610928297042846,0.4922512471675873,0.1945296823978424,0.3385489881038666,0.2157821208238601,0.5155790448188782,0.4297690093517303,0.529941976070404,0.274813175201416,0.3731772601604461,0.3648213446140289,0.4792786538600921,0.3886983692646026,0.4327816069126129,0.2397075146436691,0.4219428896903991,0.527113676071167,0.5907505750656128,0.4829220473766327,0.5896539092063904,0.2388645708560943,0.3622804582118988,0.5324373841285706,0.448942631483078,0.1964039504528045,0.4059343039989471,0.2417288869619369,0.5364663004875183,0.1887474209070205,0.3192978501319885,0.4904279112815857,0.2978043258190155,0.4681766331195831,0.311060220003128,0.4066488146781921,0.2464003562927246,0.2143156379461288,0.2343877553939819,0.5068255066871643,0.3181028068065643,0.2765906453132629,0.4076231122016907,0.4404890537261963,0.3159822523593902,0.6153922080993652
P5215,0.2454333007335662,0.3156217038631439,0.3047875463962555,0.2798515856266022,0.3990594148635864,0.2400824725627899,0.3103005886077881,0.2073567658662796,0.5654577612876892,0.3957078754901886,0.2922987341880798,0.2450527995824813,0.3521939218044281,0.3284021019935608,0.349586933851242,0.24639393389225,0.3992066979408264,0.2621762752532959,0.6020374298095703,0.3922538459300995,0.3148675858974457,0.2423965334892273,0.4254540801048279,0.2132306098937988,0.5818201303482056,0.5476734042167664,0.3727482855319977,0.2923557460308075,0.3632466197013855,0.2854346334934234,0.5868515372276306,0.2350897490978241,0.2514488697052002,0.2567124366760254,0.32768514752388,0.3585322797298431,0.2344629168510437,0.42563596367836,0.2179899662733078,0.2551025450229645,0.1883668899536132,0.4646404385566711,0.5153309106826782,0.3736704587936401,0.4762278199195862,0.2628422081470489,0.3039852678775787,0.3936704695224762,0.2536885738372803,0.2972894310951233,0.2470018416643142,0.2150206416845321,0.2989262640476227,0.2974477112293243,0.2621314525604248,0.224226713180542,0.4718393385410309,0.3593358695507049,0.3193672895431518,0.2695310115814209,0.3038361072540283,0.2499776035547256,0.4462311863899231,0.4053033292293548,0.3383626639842987,0.1884558647871017,0.5666183233261108,0.3520465195178985,0.3330333530902862,0.2672976553440094,0.5196519494056702,0.2061683982610702,0.4673865139484405,0.531751275062561,0.3605910241603851,0.2466200143098831,0.4312966167926788,0.3081832528114319,0.4667882025241852,0.2512019574642181,0.2071080356836319,0.34590944647789,0.3439514636993408,0.2825378775596618,0.2816712260246277,0.3039667010307312,0.1755406707525253,0.2365257740020752,0.2366556972265243,0.4244149029254913,0.5627054572105408,0.2852286100387573,0.4010827541351318,0.2375673204660415,0.4374807476997375,0.3536720275878906
P5216,0.1954740732908249,0.2316472083330154,0.4406073093414306,0.4275316894054413,0.4288282990455627,0.1949173063039779,0.2240694910287857,0.241146057844162,0.5543880462646484,0.3082497715950012,0.3563226759433746,0.2485516965389251,0.464927464723587,0.2816999852657318,0.4974257946014404,0.1937194764614105,0.3499028980731964,0.3222029209136963,0.3855622410774231,0.3679107129573822,0.4364668428897857,0.3474651277065277,0.6452621221542358,0.3371321856975555,0.396696925163269,0.4802355766296386,0.2936531603336334,0.3683179914951324,0.5583818554878235,0.2343261241912841,0.427642673254013,0.2470598667860031,0.2356585562229156,0.6020228266716003,0.5410513281822205,0.3410389721393585,0.3999366164207458,0.4191240668296814,0.3357729017734527,0.3956960141658783,0.3120446801185608,0.3194436728954315,0.2593112587928772,0.1731633692979812,0.3370083570480346,0.3367457389831543,0.2691839039325714,0.4860005378723144,0.2007002085447311,0.2625593245029449,0.4113875925540924,0.2755147516727447,0.337016612291336,0.2249132990837097,0.3497772216796875,0.2474047690629959,0.5147866606712341,0.2088708281517028,0.3349663913249969,0.2709605395793915,0.3776699304580688,0.2710179090499878,0.450449675321579,0.4046629071235657,0.3568601906299591,0.3883951306343078,0.5537821054458618,0.4734225273132324,0.5711371898651123,0.233592614531517,0.5311333537101746,0.2472768276929855,0.4035019278526306,0.588844895362854,0.4506997466087341,0.3663244843482971,0.4070874750614166,0.3293985724449157,0.4463666379451751,0.1945294588804245,0.3005506098270416,0.6788594722747803,0.3012867867946625,0.3967057466506958,0.4603719413280487,0.2649440467357635,0.3274782598018646,0.2999510169029236,0.369793951511383,0.3224966526031494,0.2809954881668091,0.2515319883823395,0.3315714299678802,0.3080377876758575,0.3093219101428985,0.3646606504917145
P5218,0.4630347192287445,0.2002201974391937,0.514262855052948,0.3129270672798157,0.2600100040435791,0.3448791801929474,0.2331736832857132,0.3441666662693023,0.4533681571483612,0.3820071518421173,0.3380593955516815,0.1606059372425079,0.4732187986373901,0.2075749635696411,0.3885695934295654,0.25555220246315,0.340991348028183,0.2007568478584289,0.4532565474510193,0.5202418565750122,0.4752546846866607,0.1923649758100509,0.6487783193588257,0.1946558505296707,0.2018235325813293,0.4956423342227936,0.4236771762371063,0.2147513478994369,0.3303850889205932,0.2444507926702499,0.3735059797763824,0.1414888054132461,0.1842245310544967,0.3793874979019165,0.4179768860340118,0.2502995431423187,0.2128274291753769,0.3275922536849975,0.3104519248008728,0.2068727314472198,0.3286249339580536,0.4133011996746063,0.2659175097942352,0.347221165895462,0.3736488223075866,0.4484543800354004,0.5309087634086609,0.3853386044502258,0.7043983936309814,0.1902862638235092,0.3792096674442291,0.3010120987892151,0.4586515724658966,0.3135422468185425,0.2527928650379181,0.3048775494098663,0.3075058162212372,0.4383001625537872,0.448141485452652,0.2545833587646484,0.3012887239456177,0.3026043176651001,0.3392854928970337,0.2567550837993622,0.3378126621246338,0.234130784869194,0.4364053308963775,0.4050769507884979,0.3540418446063995,0.2461267709732055,0.5640642046928406,0.1922939568758011,0.3250631392002105,0.6719833016395569,0.5173866748809814,0.2697221338748932,0.2309802919626236,0.158082976937294,0.3197720646858215,0.1906430572271347,0.1866001635789871,0.5459800362586975,0.29587122797966,0.3258869647979736,0.5428651571273804,0.2069136202335357,0.2192410379648208,0.1913618594408035,0.3462025821208954,0.3409201800823211,0.3025050759315491,0.3884989023208618,0.3335106670856476,0.5217604637145996,0.4426256716251373,0.4669144749641418
P5220,0.2846748530864715,0.346994400024414,0.3719117045402527,0.472282737493515,0.3459216058254242,0.2911964952945709,0.3179934024810791,0.2460322976112365,0.4607215225696563,0.3600263595581054,0.4423081576824188,0.2550826668739319,0.4859379231929779,0.2996631562709808,0.448144257068634,0.3322443664073944,0.3552201986312866,0.3184747993946075,0.3403415083885193,0.4651194810867309,0.4335977137088775,0.271562397480011,0.3827521204948425,0.2204547524452209,0.3809725642204284,0.4987676739692688,0.3145102560520172,0.3517250120639801,0.4614280462265014,0.202081561088562,0.5214796662330627,0.2060009986162185,0.2989975214004516,0.3051639497280121,0.4925063848495483,0.4511322975158691,0.3395248353481293,0.4165892899036407,0.3026543855667114,0.3147808015346527,0.2634005844593048,0.3974411487579345,0.2613677978515625,0.3394288420677185,0.36070317029953,0.377972275018692,0.517128586769104,0.4269314408302307,0.3571513295173645,0.3262520134449005,0.4200646579265594,0.3885424733161926,0.3840226233005523,0.3238776624202728,0.2855181694030761,0.2924251556396484,0.3360969424247741,0.4830356240272522,0.3839911520481109,0.2518557906150818,0.4580227434635162,0.2202095836400985,0.3708685934543609,0.3196775913238525,0.3057456910610199,0.2356480956077575,0.4469713270664215,0.4644598662853241,0.3587050139904022,0.225567877292633,0.2684002220630646,0.2197949439287185,0.4013512432575226,0.6206846237182617,0.5168070197105408,0.2953277230262756,0.4439901113510132,0.2143212705850601,0.4630301594734192,0.2166525721549987,0.308314561843872,0.4557926058769226,0.5006754994392395,0.3746562600135803,0.2611372172832489,0.3677177131175995,0.1934858560562133,0.2538802027702331,0.3383287489414215,0.4039183259010315,0.2990140616893768,0.3893860280513763,0.3661248981952667,0.3329017460346222,0.5419663786888123,0.4695772230625152
P5224,0.2292305529117584,0.1756955236196518,0.0,0.2507994472980499,0.6645206212997437,0.5705122947692871,0.4307074248790741,0.3435776829719543,0.7997618913650513,0.0,0.0,0.313790500164032,0.4175662696361542,0.5158239006996155,0.0,0.6625925898551941,0.0,0.333553671836853,0.454878956079483,1.0000001192092896,0.9241865873336792,0.3091721832752228,0.4336920082569122,0.2807778716087341,0.5561127066612244,0.0,0.4534052312374115,0.245405375957489,0.4965626299381256,0.4263518452644348,0.0,0.4126290380954742,0.3085861504077911,0.4178179800510406,0.9654540419578552,0.2940360605716705,0.3902579247951507,0.9545055031776428,0.3130004405975342,0.6387754678726196,0.3906083106994629,0.0,0.7408474683761597,0.0,0.5550035834312439,0.7979185581207275,0.0,0.0,0.3252972960472107,0.2193881273269653,0.0,0.3309590816497803,0.8910051584243774,0.6376663446426392,0.3571863770484924,0.3303943872451782,0.8413485288619995,0.8630495071411133,0.0,0.3442754745483398,0.7693977355957031,0.305233895778656,0.0,0.4921981692314148,0.0,0.306857705116272,0.4060788154602051,0.0,0.8409826159477234,0.303767591714859,0.2679462730884552,0.2444033771753311,0.5656143426895142,0.8751654028892517,0.407368391752243,0.2407216727733612,0.4627752006053924,0.5083499550819397,0.0,0.3239331841468811,0.3419117033481598,0.5409104228019714,0.0,0.3629871904850006,0.4692067205905914,0.0,0.3370652496814728,0.6691529154777527,0.0,0.0,0.0,0.0,0.512305498123169,0.682809591293335,0.0,0.0
P5225,0.2155781537294387,0.197172001004219,0.5071516036987305,0.4083901345729828,0.4350810348987579,0.27041956782341,0.2587198913097381,0.1515498757362365,0.427700936794281,0.3344220519065857,0.2919944226741791,0.2612626850605011,0.4580386281013489,0.4327428340911865,0.4988899230957031,0.4268849790096283,0.5149124264717102,0.3278747498989105,0.4292984008789062,0.4398007392883301,0.5277441740036011,0.2518253326416015,0.5034688115119934,0.1997117102146148,0.5267629027366638,0.4465210735797882,0.4061983525753021,0.2387946397066116,0.5085524916648865,0.245341420173645,0.5108274817466736,0.1597822904586792,0.2756359875202179,0.4177569150924682,0.4849561750888824,0.3207336962223053,0.3985840082168579,0.3573447167873382,0.3818055391311645,0.2336288094520568,0.2310093343257904,0.3264699876308441,0.2877009212970733,0.3603822290897369,0.2602519989013672,0.4264769256114959,0.3351349234580993,0.5120359063148499,0.3149662911891937,0.1684293001890182,0.5769059062004089,0.3268001675605774,0.4539030492305755,0.2705987691879272,0.1856961399316787,0.2184111475944519,0.5221146941184998,0.5522352457046509,0.4286151230335235,0.3885597288608551,0.4846746325492859,0.433066576719284,0.4071455001831054,0.3640694916248321,0.4735310971736908,0.3972285091876983,0.34970423579216,0.3316554129123688,0.4684167504310608,0.2438489943742752,0.5373460650444031,0.2640509009361267,0.4375552535057068,0.5231633186340332,0.4681834280490875,0.2295174449682235,0.3612605333328247,0.1859563887119293,0.3324081897735595,0.1564019918441772,0.3495977818965912,0.4897845983505249,0.3971810638904571,0.3774207234382629,0.3858977258205414,0.2948417961597442,0.2797705829143524,0.2672887444496155,0.3060859739780426,0.424956202507019,0.2865838706493377,0.2670349776744842,0.3948933780193329,0.4157433807849884,0.4215815961360931,0.425470232963562
P5227,0.5218920111656189,0.2548768222332001,0.6496660709381104,0.3017243146896362,0.3157926201820373,0.2726572751998901,0.2815694212913513,0.2260397225618362,0.4102233946323395,0.4472092092037201,0.3823842108249664,0.2775838673114776,0.4287417232990265,0.3783020377159118,0.2572627961635589,0.3724848926067352,0.3435044586658478,0.2147582173347473,0.2921444773674011,0.3068086802959442,0.4481391310691833,0.4082907140254974,0.3499360084533691,0.2633084952831268,0.38191619515419,0.6971418857574463,0.2763164043426513,0.34173783659935,0.3760551512241363,0.3233793675899505,0.4990426898002624,0.2692580223083496,0.4169943630695343,0.4271071851253509,0.4689294993877411,0.4323095679283142,0.4916748702526092,0.3220261931419372,0.3432763814926147,0.3258694112300873,0.3224054276943207,0.4102952480316162,0.2763250172138214,0.3862163424491882,0.3613885641098022,0.4708250164985657,0.5390446782112122,0.5429378747940063,0.692116916179657,0.2355150133371353,0.816425085067749,0.3172066211700439,0.3373763263225555,0.2348506152629852,0.3868782222270965,0.2310901880264282,0.4576818943023681,0.4535169899463653,0.3784894049167633,0.209901288151741,0.6182612776756287,0.3002877831459045,0.2739033102989197,0.4404817521572113,0.3649353384971618,0.2282522171735763,0.3328045010566711,0.3197921812534332,0.3555002212524414,0.3204938173294067,0.4108096957206726,0.2422695904970169,0.4109140038490295,0.4852498471736908,0.3018234670162201,0.3703195452690124,0.3645116090774536,0.3441472053527832,0.4968834519386291,0.3314400613307953,0.3963688015937805,0.4791400730609894,0.3946869969367981,0.4272377789020538,0.481887012720108,0.4310579895973205,0.3713064193725586,0.305121898651123,0.2626054286956787,0.3690957129001617,0.3143770098686218,0.4296247065067291,0.3932085037231445,0.4012294709682464,0.6355535984039307,0.4871543645858764
P5228,0.4335663020610809,0.174946516752243,0.0,0.4219264686107635,0.4713239371776581,0.458020955324173,0.6256481409072876,0.3024500906467438,0.8604879379272461,0.9762265086174012,0.0,0.2063599675893783,0.5589819550514221,0.39695605635643,0.0,0.7096107006072998,0.0,0.2965166270732879,0.5020224452018738,0.9999998211860656,0.827434241771698,0.3907612264156341,0.3969042897224426,0.2174445837736129,0.6725313663482666,0.0,0.324119508266449,0.276962012052536,0.5735623240470886,0.1790198683738708,0.0,0.3237821161746979,0.2537255585193634,0.5306405425071716,0.9532425403594972,0.2704235315322876,0.3102074861526489,0.9291254878044128,0.3716656565666199,0.4497383832931518,0.4329192042350769,0.0,0.7966432571411133,0.0,0.6802418231964111,0.7771760821342468,0.0,0.0,0.6203310489654541,0.1534757316112518,0.0,0.3158273100852966,0.9209667444229126,0.5972895622253418,0.3721082508563995,0.4364091157913208,0.8228452801704407,0.8117703199386597,0.0,0.2854640483856201,0.7599812150001526,0.3208300173282623,0.0,0.6699110269546509,0.0,0.3078349828720093,0.3834379315376282,0.0,0.7785245776176453,0.4616056084632873,0.3062456846237182,0.1559044867753982,0.6280096173286438,0.9969005584716796,0.393669068813324,0.2744989991188049,0.5946378111839294,0.3723645508289337,0.0,0.2389879822731018,0.2181152105331421,0.6771144270896912,0.0,0.3849515616893768,0.3720080554485321,0.0,0.3194110095500946,0.7235726118087769,0.8681779503822327,0.0,0.0,0.0,0.4736895561218261,0.8076021671295166,0.0,0.0
P5229,0.2403298914432525,0.2214301526546478,0.5060826539993286,0.770192563533783,0.491404116153717,0.3064769208431244,0.2812661230564117,0.2375019490718841,0.4294430911540985,0.4385010302066803,0.2692404985427856,0.278422474861145,0.2595903575420379,0.3721575736999511,0.3273917138576507,0.4623138606548309,0.5128322243690491,0.272220104932785,0.1858134716749191,0.4118391275405884,0.3803137242794037,0.2991091012954712,0.2735958099365234,0.330457866191864,0.3426392674446106,0.5581176280975342,0.423132985830307,0.2351365834474563,0.3434392511844635,0.2125149071216583,0.4024320542812347,0.1739774793386459,0.3246715068817138,0.5466914176940918,0.4657405912876129,0.24344202876091,0.4735106825828552,0.2591645419597626,0.3555339276790619,0.2492861747741699,0.1896421462297439,0.4510008990764618,0.3430064022541046,0.4522339701652527,0.3563435971736908,0.3260530531406402,0.3272812068462372,0.6343003511428833,0.4747869074344635,0.2200736701488495,0.744566798210144,0.4565649032592773,0.6454560160636902,0.287389874458313,0.3919768631458282,0.2727977633476257,0.3813220560550689,0.4253813028335571,0.4473429322242737,0.2686308920383453,0.3358395397663116,0.2975673377513885,0.3775748312473297,0.4401542246341705,0.2877099514007568,0.2913276553153991,0.2241127789020538,0.3915371596813202,0.3014363050460815,0.225171148777008,0.2459252476692199,0.3324024975299835,0.5072922110557556,0.627100944519043,0.6402480006217957,0.2424569576978683,0.4755203425884247,0.2099216282367706,0.6068407893180847,0.1702025681734085,0.2447482794523239,0.6056813597679138,0.3721542358398437,0.2915047109127044,0.2700854241847992,0.3123967349529266,0.2990251779556274,0.2342952042818069,0.2564842402935028,0.5597108006477356,0.4120234549045563,0.4076184928417206,0.3292717635631561,0.2887791991233825,0.4272559583187103,0.5596818327903748
P5230,0.8607856035232544,0.24004927277565,0.0,0.4942549467086792,0.623984158039093,0.3952465355396271,0.3723637461662292,0.2804282903671264,1.0,0.0,0.0,0.2300062328577041,0.4683631956577301,0.3827852010726928,0.0,0.630833625793457,0.0,0.3269394934177398,0.6466590166091919,0.8184369206428528,0.0,0.4217578768730163,0.3407565355300903,0.3782591521739959,0.4941135942935943,1.0,0.3749131262302398,0.310710608959198,0.5662994384765625,0.2322442978620529,0.0,0.3230078816413879,0.2182340323925018,0.5042415857315063,0.806003987789154,0.292297214269638,0.3479795455932617,0.7701891660690308,0.5291345119476318,0.6808041334152222,0.6801663041114807,0.0,0.6888936161994934,0.0,0.7627019286155701,0.5768643021583557,0.0,0.0,0.7959699630737305,0.2578545808792114,0.0,0.5793205499649048,0.9554693698883056,0.4713636636734009,0.5892149806022644,0.3402052819728851,0.5467206835746765,0.595382034778595,0.0,0.2771702110767364,0.3619207441806793,0.4661071598529815,0.0,0.5870068073272705,0.0,0.3903864324092865,0.7207310795783997,0.0,0.2931162118911743,0.3295781314373016,0.3529572486877441,0.3310399651527405,0.9032907485961914,0.0,0.5401906967163086,0.3342674672603607,0.4642543196678161,0.424937754869461,0.0,0.4875398874282837,0.2358772456645965,0.495361179113388,0.0,0.3862442970275879,0.3583114445209503,0.0,0.4152014553546905,0.7595450282096863,0.0,0.0,0.0,0.0,0.3857764601707458,0.6076104640960693,0.0,0.0
P5231,0.2450810670852661,0.2546750009059906,0.3230578303337097,0.229484811425209,0.2527537643909454,0.3353647291660309,0.1749358624219894,0.174685999751091,0.4263300001621246,0.4075199663639068,0.2964183986186981,0.1835549473762512,0.3646842241287231,0.1666706800460815,0.4288718998432159,0.2971263527870178,0.4572606086730957,0.271384060382843,0.3809279501438141,0.4765295386314392,0.5409866571426392,0.3441760838031769,0.6481403708457947,0.1806977540254593,0.1864829808473587,0.5091444253921509,0.3227356076240539,0.2051389962434768,0.2236529290676117,0.1592201590538025,0.3836627006530761,0.1327205151319503,0.2588172554969787,0.5425403118133545,0.3776611387729645,0.268720418214798,0.4250277876853943,0.2764715254306793,0.4097044765949249,0.208834558725357,0.2130163460969925,0.258804053068161,0.2622056603431701,0.2469483017921447,0.4088877439498901,0.3703720271587372,0.3228339254856109,0.5254007577896118,0.3424250781536102,0.1877308189868927,0.2758221626281738,0.1870464831590652,0.2321661710739135,0.3981337249279022,0.1855757981538772,0.1871767044067382,0.2624631524085998,0.3535081744194031,0.2823450267314911,0.2842128574848175,0.384432315826416,0.1973132342100143,0.3324644863605499,0.2584168910980224,0.4547572433948517,0.3629601895809173,0.5640686750411987,0.4300037622451782,0.5334067940711975,0.2352512627840042,0.5148006677627563,0.1367406100034713,0.2503835558891296,0.6776723861694336,0.4472575783729553,0.1771033406257629,0.289417415857315,0.1520508378744125,0.2386394590139389,0.1515263170003891,0.3650356531143188,0.3851428031921386,0.2788969874382019,0.4738994836807251,0.3002364337444305,0.2352661490440368,0.292114645242691,0.266453206539154,0.2616003453731537,0.3646813631057739,0.2990745902061462,0.16706582903862,0.3969523012638092,0.3050264716148376,0.4366224706172943,0.4883990883827209
P5232,0.0,0.3698633313179016,0.0,0.2654324173927307,0.4887910783290863,0.0,0.9650354981422424,0.5389927625656128,0.0,0.0,0.0,0.429502010345459,0.0,0.4280566871166229,0.0,0.0,0.0,0.5608876347541809,0.7406833171844482,0.9939410090446472,0.0,0.5652081966400146,0.6985757946968079,0.4775247275829315,0.0,0.0,0.5882541537284851,0.48029038310050964,0.0,0.506569504737854,0.0,0.6526608467102051,0.4423729181289673,0.9080823063850403,0.0,0.6160972714424133,0.6519631743431091,0.0,0.30391454696655273,0.0,0.0,0.0,0.0,0.0,0.0,0.0,0.0,0.0,0.0,0.39549800753593445,0.0,0.8931536674499512,0.0,0.0,0.921069324016571,0.7215276956558228,0.0,0.0,0.0,0.4943930506706238,0.0,0.6328909397125244,0.0,0.0,0.0,0.4455135464668274,0.8865418434143066,0.0,0.0,0.6106317043304443,0.9996944069862366,0.39524582028388977,0.0,0.0,0.49187707901000977,0.4689192771911621,0.0,0.5198579430580139,0.0,0.7124035954475403,0.6970233917236328,0.6790669560432434,0.0,0.5235999226570129,0.5625666975975037,0.0,0.4822368919849396,0.9999997615814209,0.0,0.0,0.0,0.0,0.4220011830329895,0.0,0.0,0.0
P5233,0.3387335240840912,0.1768826395273208,0.0,0.3424005210399627,0.5183483958244324,0.5286430716514587,0.514276921749115,0.3315589129924774,0.9104271531105042,0.0,0.0,0.3321917355060577,0.6795100569725037,0.3442586064338684,0.0,0.6483508944511414,0.0,0.2326005101203918,0.4081085622310638,0.0,0.8260026574134827,0.3920486271381378,0.4026254415512085,0.2838990390300751,0.6264447569847107,0.0,0.5151523947715759,0.2847998440265655,0.4264317750930786,0.3460330963134765,0.0,0.2668699920177459,0.2331575006246566,0.542613685131073,0.6702696681022644,0.4084145724773407,0.4192031323909759,0.7618972659111023,0.2942505478858948,0.5894613862037659,0.4185713231563568,0.0,0.6245397925376892,0.0,0.5073240995407104,0.6983070373535156,0.0,0.0,0.3365061581134796,0.2197828590869903,0.0,0.3535513281822204,0.6351080536842346,0.7551988959312439,0.3351505398750305,0.2767002880573272,0.7740617990493774,0.6875632405281067,0.0,0.3409878015518188,0.7744418978691101,0.3197150528430938,0.0,0.5273274183273315,0.0,0.2443619519472122,0.3296779990196228,0.0,0.8040607571601868,0.3735401332378387,0.3876987397670746,0.2622292339801788,0.718288779258728,0.0,0.4893317520618438,0.2557458281517029,0.4734043180942535,0.3196949362754822,0.0,0.3119955062866211,0.2109110355377197,0.7279462814331055,0.0,0.3811394870281219,0.4295770227909088,0.0,0.3396131098270416,0.0,0.999999701976776,0.0,0.0,0.0,0.2882510721683502,0.5911204814910889,0.0,0.0
P5234,0.4931011795997619,0.2928144037723541,0.3255714178085327,0.2741900682449341,0.246580109000206,0.3410264551639557,0.3774735629558563,0.2118419855833053,0.6057091355323792,0.321212887763977,0.3205595910549164,0.3071689307689667,0.6004628539085388,0.3421365618705749,0.3511938452720642,0.3539181649684906,0.3144031167030334,0.3343976438045501,0.2644220888614654,0.3966981768608093,0.4152913987636566,0.3052365481853485,0.2643730938434601,0.2507690787315368,0.3001598119735718,0.5679010152816772,0.3705997467041015,0.3477421998977661,0.4135774075984955,0.2027507424354553,0.5039420127868652,0.2161103039979934,0.3601078391075134,0.4959200322628021,0.4923813939094543,0.4427595734596252,0.5459190011024475,0.461588978767395,0.4028181731700897,0.447983831167221,0.3884420990943908,0.4887994825839996,0.2745511829853058,0.3208965361118316,0.3326218724250793,0.5115522742271423,0.4243758618831634,0.5213881134986877,0.397697240114212,0.3992727696895599,0.3628722727298736,0.2661275267601013,0.2345519661903381,0.3800271153450012,0.4681258797645569,0.1831865608692169,0.541738748550415,0.3242891132831573,0.3087624311447143,0.2278502881526947,0.5039162039756775,0.2795049250125885,0.3986104428768158,0.3860255479812622,0.3978120386600494,0.2372112423181533,0.3726883232593536,0.5310205221176147,0.4502812922000885,0.3260605931282043,0.2628675103187561,0.2817239761352539,0.370565265417099,0.6099980473518372,0.488162100315094,0.2511993646621704,0.3733925819396972,0.3171297311782837,0.5393290519714355,0.1878482103347778,0.3702418804168701,0.3771306276321411,0.5935139656066895,0.3826233446598053,0.4719462096691131,0.372405081987381,0.3467268943786621,0.2916285991668701,0.3439618945121765,0.4661902487277984,0.2776872813701629,0.3079865574836731,0.3863765597343445,0.5045254230499268,0.4398670196533203,0.4672007262706756
P5235,0.3580293655395508,0.1929947584867477,0.2858937084674835,0.2850418388843536,0.3195158541202545,0.2234710603952407,0.2406506091356277,0.2763482928276062,0.5075788497924805,0.3547144532203674,0.2827237546443939,0.2119519710540771,0.4498923718929291,0.2598640918731689,0.2622919380664825,0.3173620700836181,0.4864730536937713,0.3048807978630066,0.3458536565303802,0.496597945690155,0.5721575617790222,0.3572675883769989,0.6698495149612427,0.2545813024044037,0.2680343389511108,0.6584048271179199,0.4521763920783996,0.241129070520401,0.3658818900585174,0.2306564748287201,0.3522940278053283,0.2119235098361969,0.3490877151489258,0.4514098465442657,0.2982959449291229,0.3027231693267822,0.4245051741600036,0.3328929543495178,0.2401153147220611,0.2801927924156189,0.2703579366207123,0.3531928658485412,0.2771356403827667,0.3771507740020752,0.3282261192798614,0.2928199172019958,0.263125330209732,0.3905434310436249,0.2250660508871078,0.2154857665300369,0.2308407425880432,0.1804756373167038,0.2674199938774109,0.3475329279899597,0.3131241202354431,0.4174185395240783,0.4513084888458252,0.2541548013687134,0.280342698097229,0.2177615761756897,0.5647990703582764,0.2749952375888824,0.4349440038204193,0.2650628387928009,0.3704987466335296,0.2037616670131683,0.3831161260604858,0.4844005405902862,0.5265939235687256,0.307540625333786,0.6204751133918762,0.2369632273912429,0.2657234966754913,0.6681817173957825,0.5333623290061951,0.2572218477725982,0.3646269738674164,0.2654946446418762,0.3217996656894684,0.1765494346618652,0.2633981704711914,0.5159592628479004,0.4312417507171631,0.3030389845371246,0.3526961505413055,0.2790815830230713,0.3465608358383178,0.1999592930078506,0.3387917578220367,0.33461993932724,0.2876860201358795,0.2966630756855011,0.3451724350452423,0.3436242640018463,0.4324626326560974,0.2708644270896911
P5236,0.4050508439540863,0.1946866959333419,0.5126761794090271,0.237098291516304,0.2842676639556885,0.3446652293205261,0.427580177783966,0.3045451641082763,0.468611478805542,0.3955110013484955,0.3038024008274078,0.3604991734027862,0.3955747485160827,0.4834226965904236,0.2745154798030853,0.3724804222583771,0.5651658773422241,0.2544194757938385,0.3249347507953644,0.2704130709171295,0.4906953275203705,0.3284231722354889,0.3008611798286438,0.2440292537212371,0.4589452743530273,0.4437260329723358,0.3246668577194214,0.4167221486568451,0.4584652483463287,0.3841790556907654,0.5746519565582275,0.2601355612277984,0.2165384739637375,0.5463376045227051,0.3457477688789367,0.346517413854599,0.4977429211139679,0.3736891448497772,0.2770279049873352,0.4122963845729828,0.2032442390918731,0.5218731760978699,0.5380478501319885,0.5225735902786255,0.3635258078575134,0.4815625548362732,0.3919897079467773,0.7458261251449585,0.6958439350128174,0.1598580330610275,0.4306189119815826,0.3990247547626495,0.437878280878067,0.3092451095581054,0.4422443807125091,0.237970769405365,0.5772842764854431,0.3381108343601227,0.3666600584983825,0.3179740011692047,0.330950379371643,0.4715873897075653,0.2772013545036316,0.3840574324131012,0.5225163698196411,0.2143455147743225,0.2789162397384643,0.3339212238788605,0.396399974822998,0.2928354144096374,0.3006462752819061,0.2831314504146576,0.5131336450576782,0.5751422643661499,0.4601466059684753,0.4098187088966369,0.4462213218212127,0.2828637957572937,0.6400566697120667,0.229731336236,0.201322466135025,0.5959694385528564,0.3130683004856109,0.3853537738323211,0.4995099008083343,0.4203293621540069,0.3639048337936401,0.3956616222858429,0.2819058895111084,0.5075303912162781,0.3976438343524933,0.5053258538246155,0.3937876224517822,0.4833037257194519,0.4975164830684662,0.5985246896743774
P5237,0.2155291885137558,0.2542126774787903,0.18052490055561066,0.14388276636600494,0.24286216497421265,0.2072470337152481,0.2271665334701538,0.2038773000240326,0.5230510234832764,0.21723167598247528,0.3442181348800659,0.1999102383852005,0.3043283522129059,0.3853660225868225,0.3664707839488983,0.3352816104888916,0.288565456867218,0.2347290962934494,0.3395937979221344,0.39841213822364807,0.39962413907051086,0.2883601486682892,0.5164351463317871,0.18047164380550385,0.4179111123085022,0.5240162014961243,0.3894277513027191,0.26876118779182434,0.37304434180259705,0.19981329143047333,0.5114570260047913,0.2251870185136795,0.3024984300136566,0.5186154842376709,0.37563279271125793,0.3008485436439514,0.41997161507606506,0.3179689943790436,0.20095668733119965,0.20919398963451385,0.20181378722190857,0.3021148145198822,0.23006822168827057,0.3155778646469116,0.382316917181015,0.43218550086021423,0.3754066824913025,0.3913979232311249,0.23987655341625214,0.2515474855899811,0.25793060660362244,0.16226358711719513,0.21367155015468597,0.2709842324256897,0.13594980537891388,0.19305777549743652,0.35854005813598633,0.2517273724079132,0.35532957315444946,0.2101551741361618,0.4684518873691559,0.36342498660087585,0.3659403622150421,0.2215721160173416,0.32467976212501526,0.2932354807853699,0.278768926858902,0.3812544047832489,0.3686431646347046,0.21171869337558746,0.5044050216674805,0.21896517276763916,0.4529496431350708,0.48899903893470764,0.30982106924057007,0.24738404154777527,0.2605898976325989,0.2318708300590515,0.3714294135570526,0.19779068231582642,0.24125058948993683,0.5578495860099792,0.3428267240524292,0.30956849455833435,0.38334107398986816,0.38549959659576416,0.37340351939201355,0.4132799506187439,0.2151441127061844,0.26756495237350464,0.2890159785747528,0.25694555044174194,0.4090704619884491,0.4095096290111542,0.32656237483024597,0.34488752484321594
P5238,0.3014047145843506,0.1868346035480499,0.4644331634044647,0.3489220142364502,0.2741480469703674,0.4428059160709381,0.3713986277580261,0.4186139702796936,0.3291855752468109,0.3055857419967651,0.3974106907844543,0.2742704749107361,0.3695439994335174,0.3296751976013183,0.5761547684669495,0.363296240568161,0.3853397667407989,0.2837215363979339,0.2924406826496124,0.3970936834812164,0.2962118983268738,0.2591140866279602,0.4971868097782135,0.2554804980754852,0.3364072740077972,0.5124645829200745,0.3969390988349914,0.274210512638092,0.3818715810775757,0.2824010848999023,0.3841038048267364,0.161806046962738,0.2548503279685974,0.3669440746307373,0.3095984160900116,0.3207952976226806,0.3408413529396057,0.3860554695129394,0.2862628102302551,0.251520425081253,0.2942546904087066,0.4078447818756103,0.2639757692813873,0.2578479945659637,0.405772715806961,0.3726945519447326,0.3836245834827423,0.6265079975128174,0.3530565500259399,0.1852196753025055,0.5087082386016846,0.4372387528419494,0.3533626496791839,0.4196692407131195,0.2413434982299804,0.2853941917419433,0.3373132348060608,0.2667316496372223,0.4062937498092651,0.2952328324317932,0.3106021583080292,0.2489626854658126,0.5406815409660339,0.3437134027481079,0.3303759396076202,0.2879266440868377,0.275218516588211,0.4277904033660888,0.3315756022930145,0.2215597927570343,0.4632950127124786,0.2765485644340515,0.4599678218364715,0.6098412871360779,0.4116393327713012,0.285964161157608,0.3341532349586487,0.2219411879777908,0.3904233872890472,0.1775541007518768,0.240283265709877,0.4272752404212951,0.396662175655365,0.3122423887252807,0.3412169814109802,0.375896155834198,0.2925812900066376,0.2732833325862884,0.2767366766929626,0.3134346604347229,0.2449221760034561,0.2462096810340881,0.4379056096076965,0.4146624505519867,0.4476349055767059,0.5197088122367859
P5243,0.3256603181362152,0.2139260619878769,0.3241356313228607,0.3543236255645752,0.2176451534032821,0.1998403817415237,0.2124620079994201,0.2739171981811523,0.416910856962204,0.2972819805145263,0.4329263865947723,0.2717781066894531,0.4031205475330353,0.2151100039482116,0.3747680783271789,0.327847421169281,0.4197840392589569,0.3702899515628814,0.334657222032547,0.5383105874061584,0.355153352022171,0.2831566631793976,0.2660588324069977,0.3366938829421997,0.1780566275119781,0.6144495606422424,0.4186412394046783,0.1987068355083465,0.3826951086521148,0.290154367685318,0.4802561700344085,0.2302152961492538,0.3891973495483398,0.4077450037002563,0.4624502062797546,0.394390732049942,0.3905870020389557,0.3724604547023773,0.3866662979125976,0.3785183429718017,0.2923312187194824,0.4142882823944092,0.294861763715744,0.2747096717357635,0.508890688419342,0.5304902195930481,0.4521412253379822,0.4992973506450653,0.333835631608963,0.2497772127389907,0.4015384018421173,0.2331868410110473,0.2952985763549804,0.1974105387926101,0.2162901908159256,0.2432620525360107,0.397466242313385,0.3425944447517395,0.3747784495353699,0.3205419778823852,0.3361367881298065,0.2661663889884949,0.4008231163024902,0.3735922276973724,0.4137385189533233,0.2948065102100372,0.2896330654621124,0.5838584899902344,0.451038509607315,0.249819278717041,0.3611990809440613,0.2270480096340179,0.2918114960193634,0.7092985510826111,0.5395842790603638,0.242425337433815,0.3229267001152038,0.2164848893880844,0.4750205278396606,0.191695436835289,0.3633451759815216,0.4323614537715912,0.5078745484352112,0.3022297322750091,0.3531841933727264,0.3779780566692352,0.3098545670509338,0.3062609136104584,0.2567829489707947,0.4986177384853363,0.3770167231559753,0.3399400413036346,0.5174993276596069,0.5148138999938965,0.4721646904945373,0.3654964566230774
P5244,0.5516974329948425,0.2233656644821167,0.6107180714607239,0.270520269870758,0.2346527576446533,0.2214928716421127,0.2077986598014831,0.3273214101791382,0.360687106847763,0.2600728273391723,0.4261863231658935,0.3590788245201111,0.2390091270208358,0.4269157648086548,0.3238306939601898,0.3401570320129394,0.3729312717914581,0.1983637660741806,0.4462738931179046,0.3464031517505646,0.2946224510669708,0.4684329926967621,0.4760725200176239,0.1765554398298263,0.4529969990253448,0.4597924947738647,0.320022702217102,0.3305888772010803,0.379475474357605,0.3312072455883026,0.5003437399864197,0.3438161313533783,0.3052068054676056,0.4983811676502228,0.3993147611618042,0.433063268661499,0.4796126186847687,0.3735199570655823,0.2771198153495788,0.3913171291351318,0.3122073709964752,0.3177806437015533,0.329098492860794,0.390357106924057,0.4202510118484497,0.4564200341701507,0.4555020928382873,0.5143690705299377,0.7777481079101562,0.2986786663532257,0.7278492450714111,0.2960175573825836,0.3024551272392273,0.2466950565576553,0.2223209589719772,0.3370127379894256,0.3286807835102081,0.4096295833587646,0.3836400210857391,0.2180067598819732,0.2617654204368591,0.2954364418983459,0.3353033065795898,0.3824848532676697,0.3048159480094909,0.166561096906662,0.2269133478403091,0.34529510140419,0.329804927110672,0.3606355786323547,0.6211216449737549,0.2288419753313064,0.6240852475166321,0.5727024674415588,0.3678642809391022,0.2611404061317444,0.5011385679244995,0.3468406498432159,0.45888152718544,0.4199550151824951,0.2187798917293548,0.5921998620033264,0.3268665373325348,0.369680255651474,0.546572744846344,0.3098551630973816,0.3255051970481872,0.2741329371929168,0.3332575559616089,0.5054799914360046,0.3200586140155792,0.2310260683298111,0.3066467940807342,0.4186474680900574,0.7133828401565552,0.4554985761642456
P5245,0.3136618435382843,0.1867228150367736,0.2700137197971344,0.2376134097576141,0.3107921481132507,0.2409837245941162,0.1821257174015045,0.2373407185077667,0.4287327229976654,0.2683675289154053,0.3738948702812195,0.272799551486969,0.4716299176216125,0.2603694200515747,0.2968311905860901,0.3591718375682831,0.3163899779319763,0.3762909173965454,0.3747923076152801,0.3512299358844757,0.4932314753532409,0.2732001841068268,0.6716985702514648,0.214205652475357,0.2784095108509063,0.5202971696853638,0.2916468679904938,0.3203588724136352,0.403667539358139,0.2296234518289566,0.4210765957832336,0.1963053196668625,0.2357367575168609,0.3714384138584137,0.3798638582229614,0.3227462768554687,0.3072899878025055,0.3120009005069732,0.2907915711402893,0.2609694600105285,0.255864679813385,0.2982354164123535,0.3601612150669098,0.283647358417511,0.3395830392837524,0.3572415113449096,0.2658869624137878,0.4696233570575714,0.3730008900165558,0.1983114331960678,0.2707624435424804,0.2280393242835998,0.4600118696689605,0.1750859767198562,0.2088692486286163,0.3328107297420501,0.3437442481517792,0.3180137276649475,0.4452472627162933,0.2581821084022522,0.3537014722824096,0.2359578907489776,0.3455574214458465,0.2325640469789505,0.3125155568122864,0.2828272581100464,0.5011038184165955,0.4209356904029846,0.4549084901809692,0.3098398149013519,0.7429338097572327,0.2454761564731598,0.281281441450119,0.651858925819397,0.294122964143753,0.2977938652038574,0.2574208080768585,0.2489826381206512,0.3471042215824127,0.257318377494812,0.1978318244218826,0.3365120887756347,0.2931237518787384,0.5605316162109375,0.3362932205200195,0.2687558233737945,0.2706542015075683,0.2614927887916565,0.271315723657608,0.2950974702835083,0.4865342378616333,0.2541022896766662,0.3673076927661896,0.3493139147758484,0.3880288600921631,0.3738935589790344
P5247,0.3194905817508697,0.2277977913618087,0.2400912344455719,0.2631206810474396,0.3732123970985412,0.3906155526638031,0.306637167930603,0.2243597507476806,0.3636783063411712,0.3864277303218841,0.2836078107357025,0.3382205367088318,0.3129368722438812,0.3325913846492767,0.3334450721740722,0.2273394614458084,0.4303179085254669,0.3944167196750641,0.3383049070835113,0.4607768058776855,0.3180016875267029,0.3496501445770263,0.5120852589607239,0.2588793933391571,0.5679754018783569,0.5397248268127441,0.4618347585201263,0.2661997675895691,0.4929409027099609,0.3521601855754852,0.3904590308666229,0.2440701574087143,0.3000085055828094,0.4891347289085388,0.3281290829181671,0.422032356262207,0.3717063963413238,0.3909161388874054,0.3885281980037689,0.3665794134140014,0.2135757803916931,0.3517346382141113,0.2958176136016845,0.2538552582263946,0.397931307554245,0.3952821493148803,0.3025363981723785,0.5450184345245361,0.2082904130220413,0.2750003039836883,0.3451942503452301,0.2550570964813232,0.4088991284370422,0.3785457611083984,0.335796594619751,0.1991195082664489,0.4822458922863006,0.4253934919834137,0.321575790643692,0.2712036669254303,0.4116223752498626,0.3167369961738586,0.4820616841316223,0.6174337863922119,0.4745463728904724,0.3303040266036987,0.4536905586719513,0.489300012588501,0.381418913602829,0.3853147029876709,0.5203297734260559,0.230838343501091,0.3629520833492279,0.6082985401153564,0.5016904473304749,0.2627969086170196,0.3901989161968231,0.3015872836112976,0.4518246948719024,0.3533868491649627,0.3881415128707886,0.6213148832321167,0.4329797327518463,0.3505032956600189,0.3406278491020202,0.2982447147369385,0.397252082824707,0.3681307733058929,0.2740408480167389,0.3206025063991546,0.2798846662044525,0.2591771483421325,0.3814741969108581,0.3519282639026642,0.3330413401126861,0.4070636630058288
P5249,0.3742337822914123,0.1549178659915924,0.3834209740161896,0.2364475280046463,0.2592655122280121,0.3282736837863922,0.2140602320432663,0.4024089276790619,0.4035856425762176,0.3017414808273315,0.4680410027503967,0.2507650554180145,0.3608852922916412,0.2880639731884002,0.6041219234466553,0.3486852049827575,0.3640784919261932,0.3123424351215362,0.428609162569046,0.4859242439270019,0.4558717906475067,0.4121080338954925,0.6031405329704285,0.2648164927959442,0.4141648113727569,0.5687645673751831,0.439833253622055,0.42943075299263,0.4495760500431061,0.324518471956253,0.4928477108478546,0.2290497720241546,0.346876859664917,0.3812529444694519,0.2714439034461975,0.4654856324195862,0.4673802852630615,0.3783761858940124,0.3418925404548645,0.2983591258525848,0.2853561043739319,0.4150621294975281,0.2816008329391479,0.3160650432109833,0.3553943932056427,0.5558911561965942,0.4592499434947967,0.4038034677505493,0.3780568838119507,0.2654640674591064,0.3258179724216461,0.2562877237796783,0.3568472862243652,0.4037894010543823,0.1945406645536422,0.3459646999835968,0.4230509996414184,0.390766441822052,0.4205272793769836,0.2963156104087829,0.3618064224720001,0.3103274703025818,0.565833330154419,0.3618882298469543,0.3929219543933868,0.2637282609939575,0.5149679183959961,0.5301809310913086,0.4376819431781769,0.4865782260894775,0.6036134362220764,0.2733814716339111,0.3518735766410827,0.7205135226249695,0.5312291383743286,0.3685218691825866,0.3323824405670166,0.2358787953853607,0.5881445407867432,0.2580379247665405,0.3008850514888763,0.4810248911380768,0.406182587146759,0.2725640535354614,0.3350636959075928,0.2688845694065094,0.4258384108543396,0.293528139591217,0.2273387759923935,0.5028280019760132,0.3778084516525268,0.3113755583763122,0.364508718252182,0.5604235529899597,0.3903513252735138,0.3616572022438049
P5252,0.3486548662185669,0.1610766053199768,0.3797416090965271,0.2389413863420486,0.2527818083763122,0.2556125819683075,0.1856013834476471,0.2736793458461761,0.3257280588150024,0.3935253620147705,0.2991257905960083,0.2789158821105957,0.4340935349464416,0.3013112843036651,0.4284899532794952,0.2539010941982269,0.3172772228717804,0.299510508775711,0.5262376070022583,0.3600577414035797,0.331762284040451,0.2426945120096206,0.5113673806190491,0.2271627336740493,0.4124267399311065,0.6004076600074768,0.5485967397689819,0.2398430109024047,0.4066203534603119,0.2409621179103851,0.7099376916885376,0.227891132235527,0.332127183675766,0.5189808011054993,0.4685217142105102,0.3778479695320129,0.3827660679817199,0.3982089757919311,0.4025997817516327,0.2246237248182296,0.2288766354322433,0.2597731351852417,0.2556817233562469,0.3624050319194793,0.3448179066181183,0.489751249551773,0.3946821987628937,0.4780553877353668,0.289257138967514,0.1728015542030334,0.2986855804920196,0.2230631560087204,0.1905282437801361,0.2343904972076416,0.2446840703487396,0.2593210637569427,0.354404866695404,0.3884221613407135,0.3070482611656189,0.2744886577129364,0.3453572690486908,0.1975575983524322,0.4532875716686249,0.2205280214548111,0.3826030790805816,0.2271430492401123,0.3297265470027923,0.4848007559776306,0.2378466725349426,0.2520860433578491,0.4906677603721618,0.190302699804306,0.4920565485954284,0.5851395726203918,0.5405367612838745,0.2144179791212082,0.3303297162055969,0.270580530166626,0.5520101189613342,0.1875892579555511,0.2120136320590973,0.4955655634403229,0.4644154012203216,0.3023159205913543,0.3333370387554168,0.4663910269737243,0.3514763116836548,0.2850126624107361,0.2166202962398529,0.3395586907863617,0.2788763344287872,0.3234555125236511,0.2973783612251282,0.3523399531841278,0.3385869860649109,0.4198785424232483
P5253,0.6737800240516663,0.2862661182880401,0.5232449769973755,0.3114886283874511,0.2999359965324402,0.30466228723526,0.43217334151268,0.2016655504703521,0.6096993684768677,0.4656857550144195,0.4664541780948639,0.3552469313144684,0.3422664999961853,0.3219587206840515,0.4703873097896576,0.3225781917572021,0.4286265671253204,0.3053953051567077,0.3348465859889984,0.5642958283424377,0.5206694602966309,0.3559815883636474,0.3250911831855774,0.2454444766044616,0.3224162757396698,0.4024075269699096,0.3571187853813171,0.2659864425659179,0.5090360045433044,0.2630584836006164,0.3879695236682892,0.1872142702341079,0.3186837434768677,0.4776563942432403,0.4017618000507355,0.456041157245636,0.3930432796478271,0.340141236782074,0.2856154441833496,0.2098588645458221,0.1911745071411132,0.2546310126781463,0.2938871085643768,0.4296413958072662,0.3386328220367431,0.3537822365760803,0.2744694650173187,0.3784292936325073,0.5850147604942322,0.3417141437530517,0.3487400710582733,0.2784212529659271,0.4523730278015136,0.3384120166301727,0.2759911715984344,0.2297029197216034,0.4376936256885528,0.6735435128211975,0.4500304460525512,0.2298849821090698,0.3510815501213074,0.2887431979179382,0.4219894409179687,0.3082519173622131,0.505626380443573,0.3609912991523742,0.3517196476459503,0.6270909905433655,0.4165349304676056,0.3170554041862488,0.3362572491168976,0.3326921761035919,0.4207654297351837,0.5472456216812134,0.3545733094215393,0.2381218522787094,0.4072676301002502,0.2739655077457428,0.4315226972103119,0.1673993021249771,0.3410938680171966,0.606659471988678,0.4234305918216705,0.3300906419754028,0.4251056015491485,0.269698292016983,0.2125048786401748,0.2108427882194519,0.2290886044502258,0.2658820450305938,0.3917023539543152,0.452769935131073,0.2893516421318054,0.4702891111373901,0.4045470654964447,0.3343409597873688
P5254,0.3266109526157379,0.1551773995161056,0.3759545087814331,0.6089178323745728,0.3206620812416076,0.1951757222414016,0.2456177473068237,0.2589799463748932,0.4205557107925415,0.3255410492420196,0.3400637209415436,0.269532173871994,0.363228976726532,0.1917501986026764,0.4119107127189636,0.3053074777126312,0.4236850440502167,0.250653326511383,0.4826802015304565,0.5938270688056946,0.3474551141262054,0.2336871176958084,0.47840017080307,0.2712335586547851,0.3146410584449768,0.5589778423309326,0.4852518439292907,0.3568029701709747,0.2466573715209961,0.1972092390060424,0.3351868391036987,0.1476355940103531,0.3165988028049469,0.4604638516902923,0.5502340197563171,0.3466852605342865,0.3571087121963501,0.3192087411880493,0.3827499151229858,0.2721443772315979,0.2876802086830139,0.2462062090635299,0.2293231636285781,0.2223613262176513,0.3492305278778076,0.3745716214179992,0.3185808658599853,0.5832017660140991,0.3205885291099548,0.2856431007385254,0.3032580614089966,0.229967713356018,0.3454912304878235,0.2759598195552826,0.2568672299385071,0.2091992944478988,0.4044666588306427,0.3868506252765655,0.3056063652038574,0.275927722454071,0.2299965620040893,0.1788777709007263,0.549085795879364,0.2391109764575958,0.3988489210605621,0.2720075249671936,0.3007577955722809,0.5742363929748535,0.3516063988208771,0.1846288591623306,0.3709094524383545,0.3025304675102234,0.3330408036708832,0.7801139950752258,0.5149235725402832,0.328741043806076,0.2266518324613571,0.2357135266065597,0.4002493619918823,0.1360150128602981,0.3488930463790893,0.5273626446723938,0.572651743888855,0.2916502952575683,0.3023112118244171,0.345022588968277,0.3938657343387604,0.2250416278839111,0.2834523916244507,0.3477431535720825,0.2601051926612854,0.2144808620214462,0.394557923078537,0.3493259847164154,0.3114686012268066,0.5887659192085266
P5258,0.2428906112909317,0.1803786903619766,0.4088869392871856,0.3631859719753265,0.4266555309295654,0.2954770922660827,0.2117666006088256,0.3363490104675293,0.444988340139389,0.4228467345237732,0.4507692158222198,0.3267788290977478,0.3539789915084839,0.291845291852951,0.2732175886631012,0.3492541015148163,0.4010771214962005,0.2727002203464508,0.36026531457901,0.3760935068130493,0.3229984939098358,0.3774329721927643,0.4374122023582458,0.1882680803537368,0.3015284836292267,0.5018698573112488,0.4393461942672729,0.2002374976873397,0.3624671399593353,0.1855092644691467,0.4064670503139496,0.2066863179206848,0.2979264855384826,0.3794185221195221,0.3667159974575043,0.2482775896787643,0.3365015387535095,0.2867543995380401,0.3433196544647217,0.2312329560518264,0.1870166063308715,0.2995310127735138,0.2625254690647125,0.2596246600151062,0.2144437581300735,0.2897304594516754,0.286467581987381,0.7585060596466064,0.1876479834318161,0.1961513757705688,0.330567717552185,0.2042204737663269,0.3990662395954132,0.3067794442176819,0.2471862733364105,0.3043626546859741,0.3717229962348938,0.4385109841823578,0.3821533620357513,0.2258184850215912,0.3834064304828644,0.3039858937263489,0.2821105420589447,0.2682479321956634,0.3952015340328216,0.2102544009685516,0.4128238558769226,0.419230043888092,0.3545707166194916,0.3004811406135559,0.4695850908756256,0.1585016250610351,0.4151918590068817,0.6041030287742615,0.5042052865028381,0.2067373991012573,0.3560238778591156,0.1843831539154052,0.5024813413619995,0.225537896156311,0.218675896525383,0.5259218811988831,0.3075567781925201,0.4228088557720184,0.4031841456890106,0.2836708724498749,0.2656410634517669,0.2518986761569977,0.2469822615385055,0.3841244280338287,0.2315966337919235,0.2295818626880645,0.2860605120658874,0.2670977413654327,0.4336173236370086,0.7155551910400391
P5259,0.3519010245800018,0.318446010351181,0.512582540512085,0.4211289286613464,0.551151692867279,0.3807246685028076,0.320030927658081,0.3431487083435058,0.4997119605541229,0.392446219921112,0.6194288730621338,0.2182223051786422,0.3114481270313263,0.2911859154701233,0.226881206035614,0.573291003704071,0.4834262430667877,0.3299004137516022,0.2163126468658447,0.4308120906352997,0.4472951292991638,0.3359633684158325,0.232182964682579,0.2589098215103149,0.2876492738723755,0.5419678688049316,0.4816737771034241,0.3932285904884338,0.4328844845294952,0.3614947497844696,0.4954323172569275,0.2961517870426178,0.300103098154068,0.5728247165679932,0.3292253315448761,0.3540090024471283,0.4431131780147552,0.3255443274974823,0.232090875506401,0.3163700103759765,0.2255893945693969,0.367964893579483,0.3367511928081512,0.3261427581310272,0.4049436450004577,0.5357629656791687,0.4731846451759338,0.5655267238616943,0.3058404922485351,0.1969914138317108,0.5428548455238342,0.2612225711345672,0.4305101633071899,0.4157167077064514,0.2269117534160614,0.2385097444057464,0.3786599040031433,0.4563314020633697,0.4279502034187317,0.1998254954814911,0.2839730083942413,0.3014066815376282,0.3435667753219604,0.443500280380249,0.4855835735797882,0.2491241693496704,0.3686158657073974,0.4346546530723572,0.441015213727951,0.3177907466888428,0.2107110172510147,0.1707474738359451,0.3629159033298492,0.6048184633255005,0.5524924993515015,0.4058274924755096,0.3203977048397064,0.3018752634525299,0.3678444325923919,0.3280242681503296,0.3082976043224334,0.582422137260437,0.5354586243629456,0.3406160771846771,0.4976420998573303,0.4415772259235382,0.3448318243026733,0.321316510438919,0.2936232686042785,0.4196213781833648,0.3577485382556915,0.3114379048347473,0.3409118354320526,0.4664371609687805,0.6423117518424988,0.4653488099575043
P5260,0.1722148060798645,0.2654507458209991,0.288314551115036,0.2095810621976852,0.4013758599758148,0.3326425850391388,0.4372843503952026,0.1759175658226013,0.4894619882106781,0.297705203294754,0.2978566586971283,0.1991476118564605,0.7186362743377686,0.212803304195404,0.5052947998046875,0.3438428938388824,0.3810766339302063,0.3573106825351715,0.5826348662376404,0.4656128585338592,0.3880874216556549,0.2816872596740722,0.4202445745468139,0.3133803904056549,0.2543395757675171,0.5779448747634888,0.372213214635849,0.2808186411857605,0.4572089314460754,0.2699440121650696,0.3417616188526153,0.2278614044189453,0.3024668991565704,0.4351572692394256,0.4633208513259887,0.3690704107284546,0.302170991897583,0.1820404678583145,0.2577576637268066,0.2736130058765411,0.2381579428911209,0.2736969888210296,0.285119891166687,0.235483780503273,0.371635764837265,0.4697358012199402,0.3364935517311096,0.4903563261032104,0.2093010544776916,0.2128506600856781,0.3173000812530517,0.1799210757017135,0.2853631675243377,0.2991066873073578,0.3766466379165649,0.2381716966629028,0.5520820617675781,0.3006628453731537,0.4849985539913177,0.1999496966600418,0.4335681796073913,0.229802057147026,0.437993437051773,0.3002842366695404,0.4268546402454376,0.3285964131355285,0.3155458271503448,0.4620993733406067,0.3711007535457611,0.2399280965328216,0.3968098759651184,0.4763303697109222,0.4409859478473663,0.5780212879180908,0.4326197803020477,0.2852072119712829,0.4162454903125763,0.1942894607782364,0.3474879860877991,0.209928497672081,0.3689189255237579,0.4494343996047973,0.6969999074935913,0.5111795663833618,0.3095096945762634,0.3761302828788757,0.4255982935428619,0.3017372488975525,0.2801335453987121,0.297342985868454,0.3283621072769165,0.2462510466575622,0.3247548639774322,0.4871514141559601,0.3507041037082672,0.4339350759983063
