,Precentral_L,Precentral_R,Frontal_Sup_L,Frontal_Sup_R,Frontal_Sup_Orb_L,Frontal_Sup_Orb_R,Frontal_Mid_L,Frontal_Mid_R,Frontal_Mid_Orb_L,Frontal_Mid_Orb_R,Frontal_Inf_Oper_L,Frontal_Inf_Oper_R,Frontal_Inf_Tri_L,Frontal_Inf_Tri_R,Frontal_Inf_Orb_L,Frontal_Inf_Orb_R,Rolandic_Oper_L,Rolandic_Oper_R,Supp_Motor_Area_L,Supp_Motor_Area_R,Olfactory_L,Olfactory_R,Frontal_Sup_Medial_L,Frontal_Sup_Medial_R,Frontal_Med_Orb_L,Frontal_Med_Orb_R,Rectus_L,Rectus_R,Insula_L,Insula_R,Cingulum_Ant_L,Cingulum_Ant_R,Cingulum_Mid_L,Cingulum_Mid_R,Cingulum_Post_L,Cingulum_Post_R,Hippocampus_L,Hippocampus_R,ParaHippocampal_L,ParaHippocampal_R,Amygdala_L,Amygdala_R,Calcarine_L,Calcarine_R,Cuneus_L,Cuneus_R,Lingual_L,Lingual_R,Occipital_Sup_L,Occipital_Sup_R,Occipital_Mid_L,Occipital_Mid_R,Occipital_Inf_L,Occipital_Inf_R,Fusiform_L,Fusiform_R,Postcentral_L,Postcentral_R,Parietal_Sup_L,Parietal_Sup_R,Parietal_Inf_L,Parietal_Inf_R,SupraMarginal_L,SupraMarginal_R,Angular_L,Angular_R,Precuneus_L,Precuneus_R,Paracentral_Lobule_L,Paracentral_Lobule_R,Caudate_L,Caudate_R,Putamen_L,Putamen_R,Pallidum_L,Pallidum_R,Thalamus_L,Thalamus_R,Heschl_L,Heschl_R,Temporal_Sup_L,Temporal_Sup_R,Temporal_Pole_Sup_L,Temporal_Pole_Sup_R,Temporal_Mid_L,Temporal_Mid_R,Temporal_Pole_Mid_L,Temporal_Pole_Mid_R,Temporal_Inf_L,Temporal_Inf_R,Cerebelum_Crus1_L,Cerebelum_Crus1_R,Cerebelum_Crus2_L,Cerebelum_Crus2_R,Cerebelum_3_L,Cerebelum_3_R,Cerebelum_4_5_L,Cerebelum_4_5_R,Cerebelum_6_L,Cerebelum_6_R,Cerebelum_7b_L,Cerebelum_7b_R,Cerebelum_8_L,Cerebelum_8_R,Cerebelum_9_L,Cerebelum_9_R,Cerebelum_10_L,Cerebelum_10_R,Vermis_1_2,Vermis_3,Vermis_4_5,Vermis_6,Vermis_7,Vermis_8,Vermis_9,Vermis_10
P5201,-0.0368891060352326,0.0058149695396423895,0.035429731011390686,0.049106314778328,-0.07987996935844421,0.08105826377868647,0.0244047492742539,-0.035852089524269104,-0.13921144604682922,0.05097132921218872,-0.0334006249904632,-0.04983696341514582,0.11791616678237915,0.1539966762065888,0.04452815651893621,0.20720073580741882,0.0043885111808776855,0.003153979778289795,0.04064092040061951,-0.09141498804092407,-0.07647240161895752,-0.1042090654373169,0.19884373247623438,0.14928142726421362,0.23802238702774048,0.21266517043113714,-0.015011519193649348,-0.10643401741981512,0.13024726510047913,0.17460337281227112,0.21307417750358582,0.21954911947250366,-0.05491809546947479,0.015794977545738303,0.0743764340877533,-0.05428215861320501,-0.08565396070480352,-0.008800804615020752,-0.0003119409084319513,0.0008025169372558039,-0.04909169673919678,0.05293405055999756,0.052495419979095403,0.1584624648094178,0.1504646241664887,0.1537124514579773,0.2322737723588943,0.19376257061958319,-0.05364492535591131,0.07998892664909363,-0.06980076432228088,0.07988989353179932,0.07166141271591192,-0.019026517868041992,-0.13275021314620972,0.11327040195465088,0.00585362315177923,-0.07354956865310669,0.14374935626983643,0.18671095371246338,0.1766015589237213,0.05255353450775152,0.05407008528709417,0.07221442461013794,0.09069916605949407,0.15388464927673345,0.1184121817350387,0.04958269000053411,0.04872748255729681,-0.013850212097167969,0.16671624779701227,0.24422505497932434,0.12841922044754034,0.09132656455039984,0.014232456684112549,0.029698699712753296,-0.03130529820919037,-0.1478846371173858,0.12680968642234802,0.023608624935150146,-0.010954529047012385,0.050741821527481135,0.11066809296607971,-0.033099621534347534,-0.036737054586410495,0.12326042354106903,0.34354931116104126,-0.19732517004013062,-0.08280196785926819,-0.1947806179523468,0.16504144668579102,-0.14764487743377686,-0.0036258697509765625,,0.1469815969467163,0.15837830305099487,0.06477084755897522,0.0754514634609223,0.1966376006603241,0.2023144960403443,,,,,,,,,-0.04644125699996937,0.09526556730270386,0.07619708776474005,-0.033364176750183105,0.015115797519683727,0.4105946421623229,,0.3688429594039917
P5203,0.016738876700401306,-0.06087188422679907,-0.01628927886486059,-0.03806896507740018,0.05392865836620331,-0.0953610241413117,-0.07811611890792841,-0.02922897040843961,-0.06324741244316101,-0.028169631958007812,0.049604505300521795,-0.00954470038414007,0.27145758271217346,0.21793892979621887,0.03040257096290594,0.02237680554389959,-0.20819607377052307,0.04187026619911194,-0.12255443632602689,-0.0862105786800384,0.0767621397972107,0.1331436932086945,-0.08348900079727178,-0.04967257380485535,-0.033488899469375666,-0.0334943532943725,-0.036492228507995605,0.05650997161865229,-0.136975646018982,-0.029159367084503174,-0.1810413897037506,-0.1105466485023498,0.013089537620544434,-0.05426080524921423,-0.171380877494812,-0.1871797740459442,0.09674525260925299,0.16791345179080963,0.034367024898529,0.21992537379264832,-0.03294527530670166,-0.11567628383636475,-0.05727681517601019,0.028184175491333008,-0.11695531010627741,-0.17390215396881098,-0.03750014305114746,-0.054235577583313044,-0.2442380338907242,-0.1115958988666535,-0.03988231718540189,-0.0830212533473968,0.010453343391418402,-0.05178755521774292,0.019321799278259305,-0.0350801944732666,-0.0021211206912994107,-0.0934649258852005,-0.16363090276718142,-0.2187470644712449,0.035614401102066096,-0.053739011287689264,-0.14470627903938293,-0.1118890643119812,-0.106659084558487,-0.034341573715209905,0.035155907273292625,-0.08467663824558261,-0.10760353505611417,0.04229220747947693,0.041819989681243896,-0.01207849383354187,-0.15920877456665045,-0.15172970294952387,0.037019312381744385,-0.24678456783294678,-0.34815552830696106,-0.3288814127445222,-0.13332650065422064,-0.08461424708366394,-0.17653396725654602,-0.020773649215698242,-0.27002665400505066,0.1714203953742981,0.0781493932008743,0.016799598932266208,0.1609957218170166,0.19974792003631592,-0.06448079645633698,-0.0789280235767364,-0.05439788103103638,-0.19575807452201843,-0.20272040367126454,-0.05095386505126953,-0.05164521932601929,0.11458367109298712,0.11233723163604731,0.14789414405822748,-0.22729983925819403,-0.05838766694068914,0.00016283988952625617,0.00852292776107788,-0.005595743656158447,-0.018218815326690563,0.024548828601837158,0.1121644377708435,0.0598094761371612,-0.010752737522125244,-0.00661545991897583,0.1560343205928803,-0.17212674021720892,-0.017344564199447576,-0.24720007181167603,0.13295108079910278,0.2311551570892334,0.24591338634490967
P5205,0.14093832671642303,0.10195869207382197,-0.059392303228378296,-0.004939019680023193,-0.09892499446868902,-0.08112034201622009,-0.05137333273887629,-0.022205621004104614,0.004854470491409302,-0.04729539155960083,0.03883445262908941,0.1220439076423645,0.04396253824234009,0.1290738135576248,0.05528837442398071,0.0685225576162338,0.0259657502174378,0.01892808079719549,-0.04771691560745239,-0.0478309690952301,0.006139934062957764,0.07950258255004888,0.04265037178993225,0.08528694510459897,0.08452478051185613,-0.05251219868659979,0.22785356640815735,0.14413514733314509,0.007875651121139582,-0.045136928558349554,-0.08181610703468323,-0.10887330770492554,-0.022538542747497503,-0.04601064324378962,0.11207494139671331,0.047408878803253174,0.07142004370689392,0.04609239101409912,0.0817784965038299,0.0596485435962677,0.1514188051223755,0.0712270438671112,0.26548877358436584,0.2690657079219818,0.0632990300655365,-0.021086931228637695,0.1736639142036438,0.16202253103256226,0.1931436955928803,0.13516265153884893,0.2081804871559143,0.1944215595722199,0.02977526187896734,-0.014001399278640692,0.21227368712425232,0.17289686203002935,0.04052937030792231,0.03832215070724479,0.019843041896820096,0.07659858465194697,0.061977207660675104,0.1036452949047088,0.08819755911827093,0.0226898193359375,0.168319970369339,0.009109199047088679,0.17249836027622228,0.131240501999855,-0.05462527275085449,-0.0488602221012116,0.047251164913177435,0.04772526025772095,-0.05176222324371338,-0.03526437282562256,-0.03156155347824097,0.0665481686592102,-0.08767986297607422,-0.09326007962226868,-0.043108999729156494,-0.05267530679702759,0.1459667682647705,0.22122302651405337,0.10424438118934631,0.07452777028083801,0.09080410003662112,0.11230248212814328,0.15441378951072698,0.1326149702072143,-0.003980234265327509,0.028500646352768,-0.07035326957702642,-0.16758152842521667,-0.2188018560409546,-0.16716307401657104,-0.12383303046226501,-0.21922749280929565,-0.1452739536762238,-0.11260226368904114,0.1623479127883911,0.03954720497131353,0.059267818927765004,0.050147175788879395,0.09420651197433472,0.061020076274871826,0.027549564838409424,-0.014457345008850098,0.24648374319076544,0.1862100064754486,0.005317270755767822,-0.03621506690979004,0.022702723741531428,0.1198900043964386,-0.003309279680252075,-0.004334390163421631,-0.10936427116394043,0.01289522647857666
P5206,0.03515087068080899,0.2052003294229508,-0.053556621074676514,-0.0306538939476014,-0.06036888062953952,-0.07761651277542109,-0.0221539288759231,0.021899700164794894,-0.06332133710384372,-0.08154892921447748,0.041691333055496216,0.15153095126152039,0.06602826714515692,0.104463666677475,0.033090353012084905,0.013222888112068204,-0.07896429300308228,-0.036772698163986206,0.03876069188117981,0.06110513210296631,-0.0007387995719909113,-0.08179783821105963,0.15186339616775518,-0.12213626503944403,-0.010869801044464111,0.024772018194198664,-0.037282079458236694,-0.08413618803024292,0.05888444185256958,0.10501337051391602,-0.0018372535705566961,-0.00500985980033869,0.1029791533946991,0.003524839878082303,-0.00797814130783081,0.0115928053855896,-0.10763335227966309,0.05278697609901428,-0.09882575273513802,-0.11341100931167603,-0.08261027932167059,-0.03026148676872248,0.13078159093856812,0.15105891227722168,0.11356246471405029,0.05859443545341486,0.09040281176567078,-0.008170604705810547,0.12411181628704077,0.10344776511192322,0.078854113817215,0.18845626711845398,0.027760744094848577,0.06235256791114807,0.12177902460098261,0.1537073850631714,0.015336751937866211,0.1851086020469666,0.05786523222923279,-0.01666957139968872,-0.04386970400810242,0.08210864663124079,-0.03313940763473505,-0.01894277334213257,0.07340690493583679,0.0537694394588471,0.10632151365280157,0.08664214611053472,-0.07054939866065979,-0.14532469213008878,-0.06397488713264465,0.014059722423553411,0.12051665782928467,0.14525198936462402,0.07704660296440125,0.09528833627700806,0.12237554788589478,0.148318350315094,0.0905296802520752,-0.02952265739440918,-0.0707399845123291,0.07648593187332148,-0.1166416555643082,0.030169188976287786,0.002317965030670166,0.04802632331848139,-0.017890900373458807,0.05475056171417231,-0.006549656391143799,0.0013950765132904053,-0.020809501409530695,-0.07892739772796631,-0.0348609983921051,-0.05084925889968872,-0.10589718818664551,-0.12946242094039923,0.024660050868988037,-0.021822839975357083,0.048284173011779785,0.09951356053352356,-0.13029390573501587,0.011598646640777588,-0.16033029556274414,-0.033721089363098145,0.030210882425308283,0.03185558319091797,-0.09280931949615479,-0.09333592653274536,0.03307676315307623,-0.031096071004867498,-0.03836020827293396,0.07659313082695013,0.042477488517761286,-0.0444033145904541,0.027781307697296198,-0.037092506885528564
P5207,-0.0704085528850556,-0.12235751748085022,0.055317074060440063,0.07961362600326538,-0.12662148475646978,0.22498968243598944,-0.023581132292747525,0.031643748283386175,-0.01889452338218689,0.21194320917129517,0.0790342390537262,-0.2359384000301361,0.01845943927764887,-0.07707458734512329,0.015438050031662043,0.2320856750011444,0.1257912814617157,-0.025159388780593872,-0.13334366679191595,-0.3556167483329773,-0.11130252480506897,-0.07687750458717352,-0.11386293172836298,-0.0986319482326507,-0.06081929802894598,0.10260039567947393,0.002315193414688055,-0.15765690803527832,0.17227506637573248,0.02153345942497259,-0.21329018473625183,-0.2254739403724671,-0.08334127068519592,-0.07918131351470947,-0.1289055347442627,-0.14268124103546143,-0.0835525393486023,0.06447473168373108,-0.2854381203651428,-0.09126847982406622,0.15667629241943365,0.1232986450195313,-0.009913831949234009,-0.208703100681305,0.030126273632049616,0.02069839835166931,-0.1282627284526825,-0.031631290912628174,0.00115805864334112,0.07317912578582764,0.02170097827911377,-0.052852183580398615,-0.1091803610324859,-0.07940912246704102,-0.009456127882003784,0.058396011590957586,-0.08799377083778376,-0.1716775298118592,0.049054890871047974,0.049625337123870794,0.013342738151550293,0.1710173785686493,-0.13693886995315552,-0.1977638304233551,-0.02487015724182129,-0.12462079524993896,0.026018559932708796,0.0698930025100708,-0.051213592290878296,-0.07917207479476929,-0.015510022640228216,-0.18288850784301763,0.04178905487060547,-0.03112882375717163,0.02587306499481201,-0.05374997854232788,-0.1061837375164032,-0.01330676674842829,0.02705550193786621,0.07379639148712158,0.024389237165451105,0.026045203208923284,0.03401893377304077,-0.041188061237335205,-0.09845900535583496,0.011929646134376581,0.07179653644561768,0.06664532423019409,0.0222251415252685,0.06098079681396479,-0.05237653851509089,0.033176749944686834,-0.27889528870582586,-0.0886337161064148,-0.06703692674636841,-0.09464216232299805,-0.17118382453918463,-0.08586281538009644,-0.03385207056999201,-0.1453517079353333,-0.018886446952819824,-0.34936216473579407,-0.035288453102111816,-0.028226137161254883,-0.05296522378921509,-0.09448999166488647,0.036356449127197266,0.000795900821685569,0.032207190990448,-0.043938517570495605,-0.16343545913696295,-0.10124653577804565,-0.25589442253112793,-0.10483038425445557,-0.13781237602233887,0.0044403076171875
P5208,-0.0831694602966308,0.027687400579452515,-0.06828477978706363,-0.0465720742940903,-0.0988726764917374,-0.17054393887519842,-0.04196952283382421,-0.0950402021408081,-0.062181472778320396,-0.11222285032272339,-0.09032240509986883,0.09106293320655823,-0.08540704846382141,-0.03519713878631586,0.020285218954086304,-0.04154227674007421,-0.15748897194862366,-0.0751904547214508,-0.039984166622161865,0.017424166202545166,0.0669365823268891,-0.1481039375066758,-0.012677356600761386,0.03935572504997248,-0.1349140107631684,-0.1348125040531158,-0.1790531873703003,-0.08570149540901181,-0.17826572060585028,-0.14048528671264648,-0.1254835277795791,-0.1396576315164566,0.0635372400283814,0.06135565042495722,-0.057781547307968195,-0.09942767024040222,-0.10039249062538153,0.029619991779327393,-0.08842575550079351,0.018734112381935203,-0.13562700152397156,-0.152823805809021,0.13812106847763062,0.0792924165725708,0.03835234045982361,0.10870978236198425,0.08977389335632324,0.04973059892654419,-0.1243676245212555,-0.030090481042861883,-0.08663597702980042,-0.042250305414199774,0.07252401113510132,-0.2060100436210633,-0.08419507741928098,-0.15061110258102417,0.039012700319290106,0.1178632527589798,0.12956690788269049,0.0830586850643158,-0.07028532028198242,-0.062177687883377075,-0.030535489320755005,-0.021288692951202393,0.14496108889579773,0.04598242044448858,0.048521786928176935,0.044068694114685,-0.008749052882194491,-0.1265906691551209,-0.06269660592079157,-0.08135545253753662,-0.013539671897888184,-0.055572390556335394,-0.009312450885772705,-0.04691672325134277,-0.07607914507389071,-0.07385586202144628,-0.19418877363204956,-0.09142419695854181,-0.04042240977287298,-0.023585826158523504,-0.0432515293359757,0.039743244647979736,0.020918905735015925,0.0024761855602264404,-0.018251538276672363,0.09105309844017029,-0.02915842831134799,-0.017067924141883795,0.13103270530700684,0.03932921588420868,0.018536925315856934,0.03240534663200384,-0.3141230940818787,-0.12906840443611145,-0.13584643602371216,-0.009226620197296087,0.031861335039138794,-0.0904701948165893,-0.008130013942718395,-0.11619758605957031,0.020942389965057373,-0.00676804780960083,0.04996025562286377,0.04813474416732788,-0.09669804573059082,0.014337003231048584,-0.2849040627479553,-0.08953571319580078,-0.19733065366744995,-0.01737752556800848,-0.06440567970275884,-0.157903254032135,0.04788178205490112,0.06080907583236694
P5209,-0.129913941025734,-0.188402459025383,-0.24038361012935638,-0.36479504406452185,-0.14639125764369967,-0.21120856702327728,-0.3840738758444786,-0.29431556165218353,-0.05963608622550959,-0.2419976443052292,-0.22550339996814728,-0.3187443166971207,-0.1705151498317719,-0.27038550376892095,-0.1063164472579956,-0.19439843297004702,-0.1083038747310639,-0.3022449314594269,-0.16522254049777982,-0.13461492955684667,0.20979207754135132,0.041074872016906794,-0.4143678396940232,-0.3759023249149323,-0.11948838829994202,-0.20267659425735474,-0.041696339845657404,-0.15861059725284576,-0.26439478993415844,-0.1950720697641373,-0.4502117931842804,-0.4641583412885666,-0.1319679915904999,-0.14494526386260992,0.14376264810562134,0.15804541110992432,-0.1403378397226334,-0.07164657115936274,-0.04813078045845037,0.07274249196052551,0.1270627081394196,0.06485795974731445,-0.12492558360099792,-0.17862814664840698,-0.12105399370193481,-0.006531447172164917,-0.08053365349769592,-0.15515676140785223,-0.03133180737495428,-0.07334780693054199,-0.18264988064765933,-0.1771461218595505,-0.04939490556716919,-0.18907922506332397,-0.12480546534061429,-0.0758899450302124,-0.08443264663219452,-0.2292236238718033,-0.3475044518709183,-0.2872430086135864,-0.2691810131072998,-0.1128876805305481,0.026869475841522217,-0.14367842674255377,-0.003096282482147217,-0.004124462604522705,0.11941638588905329,0.052444666624069214,-0.18894720077514648,-0.17976665496826172,-0.4414637237787248,-0.37633238732814794,-0.11608791351318365,-0.21091100573539734,-0.10363727807998657,-0.0704495906829834,-0.2480801790952683,-0.24818083643913275,-0.0227746963500976,-0.22098848223686218,-0.0643870681524277,-0.20611165463924408,-0.11679907143115997,-0.0766994953155517,-0.03793376684188843,-0.05128344893455508,-0.06879591941833496,-0.008063137531280518,-0.12382714450359347,-0.1618913561105729,-0.17870935797691345,-0.19479942321777344,-0.04941403865814209,0.13916811347007751,-0.09401088953018188,-0.14125186204910278,-0.32435616850852966,-0.2460687756538391,-0.28781940042972576,-0.166886329650879,-0.32393214106559753,0.127708911895752,-0.17909181118011475,-0.05842167139053367,-0.04464256763458252,-0.03822857141494762,0.2847452759742737,0.3063257932662964,-0.10859662294387817,-0.008966505527496338,-0.40990912914276123,-0.4719789326190949,-0.1752399206161499,-0.31297391653060924,0.1039183735847472,0.0069141387939453125
P5210,0.05619615316390991,-0.006844267249107389,0.03105966746807101,-0.008988067507743808,0.09470622241497043,-0.04224318265914917,0.016847968101501493,0.006916344165802002,-0.12330716848373413,-0.07678842544555664,0.12243551015853882,-0.023028492927551325,0.060827046632766724,0.0022422373294830877,0.027768880128860474,-0.007404714822769165,0.024986833333969116,0.06532153487205511,-0.003989368677139338,-0.04010388255119329,0.12608933448791498,0.10685896873474121,-0.026348024606704712,0.007863789796829168,0.041238188743591364,-0.007180631160736084,0.06463596224784851,0.018255025148391724,0.01903946697711939,0.0723131000995636,-0.07910455763339999,-0.049669623374938965,0.000870436429977417,0.017761558294296292,0.0033760368824005127,0.03461655974388128,-0.028193473815918024,-0.058307185769081116,-0.016519024968147195,0.023727491497993525,0.0713067352771759,-0.00556448101997381,0.09712633490562439,0.05192553997039795,0.07052609324455261,-0.011071801185607855,0.10079014301300049,0.15495547652244568,0.029241740703582708,0.0996987521648407,0.05048865079879761,0.029087990522384588,0.014631569385528592,0.00874218344688421,0.02055297791957858,0.010837152600288391,0.03440225124359131,-0.0871879309415817,-0.03940930962562561,0.05602496862411502,0.01798546314239502,0.028361171483993586,0.04825523495674128,0.07353171706199646,-0.11989876627922058,-0.13292661309242243,0.09294763207435608,0.12370043992996216,-0.018263608217239324,0.08749344944953918,-0.041548699140548706,0.02830615639686579,0.10033121705055237,0.011226862668991089,0.08284029364585882,-0.005801498889923096,-0.007181152701377896,-0.019536256790161105,0.010121703147888184,0.009161949157714844,0.002244174480438288,0.0105648934841156,-0.06180110573768621,0.16270571947097778,-0.006584078073501587,-0.003459274768829401,0.11360418796539307,0.14321365952491766,0.1100667864084244,0.08626000583171839,0.09614735841751099,-0.046595871448516846,0.10397517681121832,-0.13514098525047308,-0.10794961452484131,0.042353242635726984,0.0022841989994049072,-0.0911383330821991,0.03907918930053711,0.12530747056007385,0.036120951175689586,0.08567255735397339,0.0633232593536377,-0.003994762897491455,-0.0030373334884643555,0.04285567998886097,-0.11181741952896129,-0.1618250608444214,0.17205125093460083,0.036328613758087214,-0.04463502764701838,-0.0843600332736969,-0.0037713050842285156,0.22626039385795593,0.1442877054214478,-0.03005307912826538
P5211,-0.038174569606781006,-0.1929608285427093,0.03129440546035761,-0.06595435738563543,0.07759891450405118,-0.0689933001995087,-0.011970102787017795,-0.05380654335021967,-0.044995456933975164,0.004839539527893066,-0.056540727615356445,-0.07336598634719854,-0.055254131555557306,-0.09748923778533941,-0.0605773329734802,-0.056396275758743286,-0.050739765167236384,-0.10218891501426697,0.008506298065185491,-0.14341875910758972,0.04136508703231817,-0.011325120925903265,-0.08156830072402949,-0.07431593537330633,-0.01075634360313421,0.02319711446762085,0.0680995881557464,-0.005207926034927368,-0.06952041387557983,-0.0867380797863006,0.08430308103561407,0.030010849237442017,-0.0022055208683013916,0.03190626204013819,-0.02726459503173828,0.06205075979232788,0.06288091838359833,0.0579688251018525,0.11087828874588021,0.0618097931146622,0.03928807377815241,-0.11222505569458002,-0.05917835235595703,-0.18743187189102173,-0.0986468493938446,0.1004807054996491,-0.17579424381256112,-0.1595926284790039,-0.08154457807540899,-0.05251950025558472,-0.0707698911428451,-0.16608709096908575,0.06101229786872858,0.005446106195449829,-0.11761301755905146,-0.16633738577365872,0.0013143271207808893,0.05535179376602173,-0.01162144541740423,-0.002763509750366211,0.030026733875274714,0.029085427522659302,-0.1511035859584809,-0.08427420258522039,-0.027235031127929688,-0.12716549634933472,0.06345665454864502,0.0753057599067688,-0.013548731803893987,-0.004295036196708707,-0.027132958173751914,-0.02347105741500849,-0.19604089856147772,-0.17175450921058655,-0.09666174650192261,-0.19789800047874456,-0.14482781291008004,-0.0165496617555618,-0.07729870080947876,0.006805598735809326,-0.227100670337677,0.04705625772476202,0.08751392364501953,0.3455279469490051,-0.030315786600112915,-0.05326496064662928,-0.01391717791557312,0.02009919285774231,0.07955682277679438,-0.0008486360311508179,0.037679880857467596,-0.008860856294631958,-0.028652966022491455,-0.038830399513244684,0.1473579704761505,0.3070683479309082,0.17073938250541681,0.11456464231014252,0.015255361795425387,-0.01861955225467682,-0.0018036961555479847,-0.010843873023986816,0.0573045015335083,0.07755511999130249,0.09656357765197754,0.016576766967773438,0.027117133140563965,-0.03994542360305786,-0.16847330331802374,0.08095079660415655,0.062346190214157104,0.10878720879554749,0.046738296747207586,0.03175991773605341,0.05248862504959112,0.07699576020240789
P5212,-0.09489747881889352,0.04276262223720548,0.03625237941741949,-0.06294237077236178,0.006986513733863803,-0.05370341241359711,0.022770881652832003,-0.1380719542503357,-0.04344344139099121,-0.05708868801593789,0.04197719693183899,0.05211669206619257,-0.05643476545810702,0.057519540190696716,-0.006608918309211703,0.0717054009437561,0.04086202383041382,0.01472499966621399,0.019919216632843018,0.1302584409713745,-0.1209870874881745,-0.025254428386688316,-0.07586690783500671,-0.0967459380626679,0.07026049494743342,0.06704705953598022,-0.01042169332504278,0.018008768558502197,-0.09272688627243042,0.01950863003730774,-0.05331620573997503,-0.05461603403091431,0.030189424753189087,-0.02536581456661227,-0.06780850887298584,-0.3055881261825562,-0.1270530372858048,-0.06415067613124847,-0.01999795436859131,0.19898754358291632,-0.09245818853378301,-0.055956631898880005,-0.03604990243911749,-0.25118377804756165,-0.21119612455368042,-0.0542968213558197,-0.2170930802822113,-0.1808717697858811,-0.2761705815792084,-0.1954595446586609,-0.12507843971252441,-0.1902980804443359,-0.2653473615646363,-0.0403448641300202,-0.2262079119682312,-0.15554134547710421,0.011613532900810297,-0.09971252083778387,-0.17356242239475259,-0.12339594960212713,-0.053985059261321966,-0.05307015776634216,-0.08545002341270452,0.0502921342849732,0.0102195143699646,-0.07949644327163702,-0.0721481442451477,-0.17266213893890375,-0.059754684567451505,-0.10861462354660034,-0.14867401123046878,-0.1524768769741059,0.012652665376663208,-0.0663758516311646,-0.0693400502204895,-0.01423335075378418,-0.053982615470886286,-0.00703960657119751,-0.221842110157013,0.0517084002494812,-0.056923955678939764,-0.045140400528907776,-0.17089484632015228,-0.10082736611366269,-0.1263234168291092,-0.09301547706127172,0.052404046058654785,0.07172927260398859,0.01353459060192111,-0.05397813022136691,0.0978973507881164,-0.029332488775253296,0.3934745192527771,0.2842899560928345,0.17972183227539062,-0.02689298987388611,-0.0651992261409759,-0.2622278779745102,0.002310276031494196,-0.048143029212951716,0.12170678377151478,-0.116481363773346,0.10986047983169556,0.29556208848953247,0.07405906915664673,0.21947652101516713,0.2799771726131439,-0.4669242799282074,0.10741919279098511,-0.06132233142852783,-0.15156501531600952,0.0154732465744018,-0.07839393615722662,0.1654832363128662,0.09689009189605713,0.14242374897003174
P5212,-0.1055081188678742,-0.1380889862775803,-0.026969447731971796,0.06112247705459603,-0.1076117753982544,-0.0901657491922378,-0.07152050733566279,-0.007652983069419916,-0.038471519947052,-0.14685837924480438,0.0658708810806275,0.0020952820777893066,0.1077853292226792,0.053591012954711914,0.055118426680564936,0.0023744851350784024,-0.0202561616897583,0.0329744815826416,-0.006623893976211603,-0.03554078936576838,0.1332590281963349,0.152631163597107,-0.0030425190925598145,0.12888965010643,0.06242978572845459,0.028645843267440796,-0.07117834687232971,0.018688112497329712,-0.1763070523738862,-0.0965010672807694,-0.177540510892868,-0.07813817262649542,-0.030739352107048007,-0.04963168501853943,0.0749770998954773,0.12568628787994385,0.10443177819252009,0.08915355801582342,-0.0640447735786438,0.1187942624092102,-0.041999816894531306,0.01124313473701477,-0.08612677454948431,0.16522979736328125,0.1774979829788208,0.09250915050506592,0.22984704375267034,0.1823870837688446,0.25979894399642944,0.2602249085903168,0.059589385986328125,0.054943650960922186,0.032348752021789495,-0.06644454598426824,0.044794440269470215,0.10229972004890442,-0.05044978857040411,-0.016326963901519775,0.22302290797233587,0.1612655222415924,-0.04300329089164728,-0.0764826238155365,0.15348666906356806,0.07399815320968633,0.05143111944198614,-0.14474272727966309,-0.056372195482254084,-0.10144287347793579,0.10304456949234009,0.020792871713638306,-0.26791197061538696,-0.2922617197036743,-0.13989761471748352,-0.12631729245185852,-0.11057257652282715,-0.06967204809188843,-0.13404327630996699,-0.042676180601119995,0.06294232606887817,0.06410229206085205,-0.060151636600494385,-0.10347327589988708,0.2486939877271652,0.09651795029640198,0.06724593043327337,0.025232642889022883,-0.14496484398841852,-0.07212194800376898,-0.0860994607210159,0.0335879921913147,-0.23367413878440862,0.10283318161964422,-0.3461905717849732,-0.3088663816452027,0.06236910820007324,-0.050307571887970026,-0.08107030391693121,-0.05281677842140198,0.109529048204422,0.09933885931968683,-0.06938642263412464,-0.4723939597606659,-0.1761561632156372,-0.22449952363967896,-0.28548699617385864,-0.29505616426467907,,-0.1926722526550293,-0.09985452890396118,-0.08749589323997492,0.08426716923713679,-0.12858486175537115,-0.22243285179138184,-0.26682597398757935,-0.19275999069213867,-0.25927454233169556
P5215,-0.024891182780265808,-0.019156545400619507,-0.012646675109863309,-0.051781207323074285,0.028414338827133123,0.02278634905815119,-0.030954509973526,0.02604909241199499,-0.03368249535560608,0.06664964556694031,0.013796895742416382,0.03954219818115229,0.07764005661010748,-0.04953143000602728,0.025964334607124412,0.0479548126459122,0.05784338712692266,0.031717926263809204,-0.0167129784822464,-0.029399663209915217,-0.07831484079360956,0.0830038189888001,0.09332391619682318,0.005742251873016413,0.1062839031219483,-0.0761439204216004,0.015598922967910711,0.0706518292427063,-0.017109096050262396,0.04159478843212128,0.026131659746170044,0.005821108818054199,0.0200481116771698,0.015415459871292114,0.07044529914855957,0.018223166465759277,-0.025919824838638306,-0.052073195576667786,0.09593424201011658,-0.0895124673843384,0.06922747194767001,-0.13874968886375427,0.10170888900756841,0.0643452405929566,0.08342951536178589,-0.020834177732467707,0.07800444960594177,-0.013491362333297785,-0.027476251125335693,0.009623825550079401,-0.025096222758293096,-0.01217788457870489,-0.0720438957214356,-0.0414852499961853,-0.07593774795532227,-0.11550366878509527,0.018889635801315308,-0.020565837621688787,-0.020824551582336426,-0.04637971520423895,-0.0018096268177033026,0.05061841011047358,0.061604052782058716,0.06642508506774897,-0.023139744997024536,0.008489549160003718,-0.04999354481697088,-0.0005668550729751864,0.013071984052658081,-0.058083355426788275,0.062416404485702515,0.09681004285812372,-0.16421806812286371,-0.1430301666259765,-0.09466040134429932,-0.15868309140205383,-0.004886567592620794,0.04348957538604742,-0.06796067953109741,0.1155261099338532,0.05612826347351074,0.07345753908157343,-0.04407079517841339,0.06924290955066678,0.03429630398750311,0.08267202973365784,0.05392014980316162,0.1575914025306701,0.0746411681175232,0.029170632362365806,0.03536969423294073,0.048693120479583796,-0.03982043266296387,-0.085224449634552,-0.09403768181800848,-0.2336663007736206,-0.001611948013305664,-0.0566986203193664,0.09000250697135931,-0.043828725814819336,0.4362187385559082,0.13171938061714178,0.048368990421295166,-0.021859467029571533,0.03706228733062744,0.107611745595932,-0.011479765176773127,-0.009018182754516602,-0.06603187322616577,0.060827016830444336,-0.008793741464614813,0.016173899173736517,0.021055996417999268,-0.10130184888839722,0.03365200757980347,0.11234879493713379
P5216,-0.024137020111084012,-0.053426519036293,0.06985510885715479,0.09305089712142947,0.023156732320785522,-0.01162438094615939,-0.04885178804397583,-0.14207044243812567,-0.039489299058914185,0.0430347621440888,-0.017510503530502375,-0.09850820899009699,0.05461490154266352,0.05416566133499151,-0.030921220779418973,-0.1333974301815033,-0.017487466335296686,-0.04537954926490784,-0.0946773886680603,-0.11953377723693848,-0.08403907716274267,-0.07693690061569208,0.06821033358573919,0.125137597322464,-0.10726988315582275,-0.016640067100524902,-0.1132469773292542,-0.09620058536529541,-0.1602510511875152,-0.13740521669387812,0.10813659429550171,-0.027195990085601807,-0.046096622943878174,-0.07162591814994806,0.0038948655128479004,0.0014548897743225098,-0.09378683567047119,-0.1325039565563202,-0.027113139629364014,-0.14435929059982303,-0.08645394444465643,-0.045189499855041504,0.16993719339370722,0.19812512397766113,0.005495011806488093,-0.01575911045074463,0.16581040620803827,0.06411716341972351,-0.014659255743026733,-0.03882786631584162,0.006846129894256592,-0.0027018785476685125,0.024529129266738947,0.05194139480590826,0.14990587532520303,0.05419436097145083,-0.0912154614925384,-0.2475231736898423,-0.004830062389373779,-0.09968072175979609,0.1499271392822265,-0.14832088351249695,-0.0727973878383637,-0.05006188154220581,-0.11407715082168579,-0.032242387533187866,0.0989204347133637,0.10147669911384583,-0.2985705733299256,-0.263976663351059,-0.09603199362754822,-0.07162731885910034,-0.23064714670181274,-0.24625036120414734,-0.12475934624671942,-0.26006019115448,-0.057407557964324896,-0.056098759174346924,-0.21424049139022827,0.10622990131378174,0.00940614938735962,0.05514979362487793,-0.025832086801528875,-0.020563125610351507,-0.057116568088531494,0.07837431132793429,-0.18177160620689398,-0.07975274324417111,0.06658072769641882,0.0911224633455277,-0.12622517347335818,0.048279911279678345,-0.10661402344703674,-0.07186698913574219,-0.22075843811035156,-0.16120821237564092,-0.05725312232971186,-0.07610931992530817,-0.045422255992889404,0.16974177956581116,-0.29853433370590216,-0.10742795467376709,0.0045005083084106445,-0.011409848928451483,-0.04291480779647827,-0.09255200624465942,0.006302237510681152,-0.029488027095794678,-0.1977696418762207,-0.16743087768554688,-0.03960055112838751,-0.11890661716461182,0.03833109140396118,0.04246175289154058,-0.0988836288452149,-0.15624943375587463
P5218,-0.0468515008687973,-0.11998394131660461,-0.042381659150123596,-0.03235352039337161,0.10629561543464666,0.2727800607681275,-0.052375748753547696,-0.1112565249204635,0.03584969043731684,0.10870805382728582,0.06674149632453918,-0.1248177587985993,-0.10784120857715601,-0.22104682028293612,0.19785529375076302,0.09614619612693781,-0.2313914149999618,-0.11987712979316711,-0.05437721312046051,-0.16875579953193662,-0.16357609629631042,-0.095581203699112,-0.07271605730056763,-0.07682928442955012,0.08431926369667059,0.18917647004127508,-0.06455790996551508,-0.07705584168434143,0.04063853621482849,-0.030397266149520874,0.06684413552284241,-0.02727794647216797,-0.041192710399627686,-0.1014316529035568,-0.1814134120941162,-0.20995017886161804,0.0093669593334198,-0.12574952840805048,0.24196195602416992,0.12054276466369629,0.05084890127182007,0.2211418747901917,0.20212554931640625,0.127921462059021,0.03219974040985113,-0.07465103268623349,-0.07170882821083074,-0.08296221494674677,0.05363908410072321,-0.07563495635986328,-0.09299434721469882,-0.06991830468177798,-0.19354781508445745,-0.1546016931533814,-0.26768758893013006,-0.016086727380752508,-0.1323950886726379,-0.09163853526115409,-0.10776510834693909,-0.0843439400196076,-0.1798351705074311,-0.153382420539856,-0.22573566436767578,-0.06197798252105707,-0.1405156254768372,-0.07079306244850164,0.18420657515525818,-0.003000766038894709,-0.13556677103042603,-0.20704063773155212,0.0017631947994232178,-0.03436741232872009,0.17509806156158453,0.048354595899581965,0.02861011028289795,0.14950701594352728,-0.01525950431823725,0.02101162075996399,-0.07919555902481074,-0.11478322744369507,-0.07288585603237152,-0.09790264070034022,0.201785534620285,-0.13292285799980158,-0.07601334154605868,-0.1142143905162811,-0.2484680414199829,0.07053476572036743,0.06661045551300049,-0.0248235166072846,-0.08950436115264893,-0.0780965685844422,-0.19768154621124268,-0.18531078100204468,-0.05725276470184326,-0.04657793045043945,-0.3161318004131317,-0.2580548524856568,-0.10780400037765503,-0.07664000988006592,0.0036476850509643555,-0.06077852845191961,-0.05971181392669678,-0.14569890499114996,-0.23373085260391235,-0.5092110633850098,0.04553097486495972,-0.041171133518218994,0.03658849000930786,-0.052994728088378906,-0.2364760339260102,-0.034613847732543945,-1.3053417205810547e-05,-0.5138849020004272,-0.23981231451034546,-0.4352381229400636
P5220,0.0424923449754715,0.027951732277870178,-0.015674963593483,-0.0464640557765961,0.12182837724685669,0.08244997262954706,0.05612677335739141,0.021740674972534207,-0.08398613333702082,-0.041057288646698,-0.14721724390983582,0.048379227519035395,-0.07183414697647089,0.160870224237442,0.07513092458248138,-0.017794206738472013,-0.022834271192550604,0.07613053917884821,0.024124488234519903,0.0775991082191467,-0.008798688650131226,0.0649143755435943,0.2891645431518555,0.2103011310100556,0.21614021062850958,0.2774499654769898,0.03186336159706121,-0.09012219309806829,-0.1368408203125,-0.08188924193382269,0.043491512537002563,0.1676086187362671,0.0009217262268065851,0.08408291637897491,0.16866534948349,0.13195890188217163,0.0769298672676087,0.03373464941978449,0.02009031176567072,0.1365446597337723,0.09190055727958685,0.0755616426467896,-0.032651215791702326,-0.2130153775215149,-0.22878891229629517,-0.24546915292739868,0.03815412521362299,-0.10550028085708618,-0.2901075184345246,-0.1413373053073883,0.021004140377044678,-0.10588991641998285,0.1528229415416718,0.30526474118232727,-0.03153049945831299,0.10202991962432861,-0.09228616952896118,-0.06429091095924372,0.01735970377922058,0.11265790462493902,-0.08334684371948237,0.016774535179138184,0.2868175804615021,0.1897480189800263,0.01724165678024292,-0.1534701585769654,-0.05064240097999567,-0.024735301733016912,-0.0012628734111785889,0.11853334307670599,-0.1110269725322724,-0.08063831925392151,-0.3245994746685028,-0.26441866159439087,0.05354213714599615,-0.23002511262893682,-0.1706260740756988,-0.2193964123725891,0.0069157481193541925,0.05447494983673096,-0.053484052419662476,0.07278630137443548,0.03780901432037348,0.00041988492012018375,0.14482444524765017,0.1321634203195572,0.3036035299301148,0.313475713133812,0.11264912784099582,0.17197979986667633,0.09358835220336914,0.03927576541900635,0.2904898524284364,0.04903233051300049,-0.07080343365669256,0.14534652233123785,-0.09235444664955139,-0.0689772367477417,0.22215434908866882,0.29618717730045324,0.19019979238510132,-0.005519568920135498,0.05633801221847534,0.014758884906768799,0.06394124031066895,0.13449251651763916,-0.4768398404121399,-0.21718889474868774,0.034910738468170166,-0.11337417364120483,-0.10480928421020508,0.13067704439163202,0.16383373737335205,0.40404051542282116,-0.19827872514724731,0.19522333145141602
P5224,-0.012429296970367487,-0.10531613230705256,0.07149347662925723,0.10113668441772461,0.02208632230758667,0.08365452289581299,0.08531428873538979,-0.009602651000022888,-0.17965987324714666,0.0080031156539917,-0.018365204334258978,0.10881906747817993,-0.1186982691287995,-0.12412694096565252,-0.05456158518791199,-0.04818153381347651,0.06929361820220947,-0.05166903138160711,0.05020129680633545,0.054486304521560724,,,-0.06816798448562622,-0.0775148868560791,-0.11915403604507446,-0.09310466051101696,-0.03304922580718994,-0.169228196144104,-0.04367396235466006,0.0053700208663940985,-0.06074380874633789,-0.06060206890106201,0.10251623392105108,0.047294944524765015,,,0.09022516012191772,-0.1470937728881836,0.2854870259761811,-0.038708060979843195,,,-0.010561078786849976,0.01960662007331848,-0.012586146593093872,0.021967172622680664,-0.1660793870687485,-0.006064355373382568,-0.06317681074142456,-0.023306071758270264,-0.06715863943099981,-0.09006109833717352,-0.13338077068328863,0.1830548644065857,-0.0076898932456970215,-0.05996125936508179,-0.0008976757526397705,-0.07624322175979614,-0.05042394995689392,0.015319347381591797,0.09592807292938232,0.0043433308601379395,0.1070190966129303,-0.07278329133987427,0.11959731578826904,-0.09284389019012451,0.1499641239643097,-0.051574051380157526,0.015922904014587402,,-0.029260694980621393,0.05735445022583008,0.21414437890052795,-0.04528677463531494,,,,0.0006489753723144531,-0.16287273168563843,,0.01144149899482727,-0.051678031682968084,-0.09834444522857666,0.0031057000160217285,-0.036515593528747614,-0.01330256462097168,-0.041896939277648926,-0.021141186356544522,-0.03014716506004339,-0.042963325977325495,-0.2065366506576538,-0.15809527039527893,,-0.1251632273197174,,,0.17604851722717285,-0.18909063935279846,-0.1658408641815186,-0.1046606600284577,0.26738590002059937,,,-0.18131321668624878,,,,,,,,,,,,
P5225,-0.013000592589378385,-0.01546041667461398,0.06099514663219449,0.1011052280664444,-0.0640069395303727,-0.08232565224170679,0.03398007154464722,0.061737686395645086,-0.017939120531082098,0.133506029844284,0.12333798408508301,0.09409728646278376,0.012393385171890203,0.013431161642074585,-0.049699157476425226,0.024057134985923684,0.08763647079467768,0.05563285946846008,0.0694882869720459,-0.005947113037109375,0.08590877056121832,0.189412921667099,0.04363009333610535,0.16561636328697207,0.07767859101295471,0.2712416350841523,-0.012976408004760687,0.0684543251991272,0.0347264409065246,0.03473988175392151,0.06586620211601257,-0.0016546845436096191,0.030773624777793912,0.038007810711860684,0.058721959590911865,0.19692513346672064,0.1280432045459748,0.1888689398765564,-0.008371889591217097,0.1516304612159729,0.15898907184600836,0.12460511922836304,-0.05676090717315674,-0.04759865999221802,-0.03339987993240351,0.10257318615913391,-0.05338212847709656,-0.08690935373306274,-0.04979240894317627,-0.04352825880050659,-0.0943779647350311,-0.0496936440467835,-0.028435915708541926,0.036389052867889404,-0.09546469151973719,-0.062101140618324224,-0.05625055730342868,-0.10943606495857239,0.0019277334213256836,-0.07052367925643921,0.14333894848823542,0.0414675772190094,0.0412315428256988,0.12165194749832153,0.15160754323005676,0.11086606979370117,0.09628337621688843,0.10894027352333072,-0.1584030687808991,-0.19758069515228271,-0.02661040425300598,-0.12896016240119942,-0.013036847114562988,-0.08313313126564031,-0.03564345836639404,-0.014063596725463867,-0.11766497790813449,-0.1487365663051606,-0.011946320533752386,0.05838358402252197,0.1708914339542389,0.1653677225112916,0.07499930262565613,0.17182579636573792,-0.0676683783531189,0.021870806813240107,0.017910897731781006,-0.04239177703857416,-0.02829255163669589,0.01141458749771121,0.08446559309959412,0.11128252744674683,-0.03434723615646368,0.07495981454849243,0.04151737689971924,0.04739725589752197,0.0014506876468659002,-0.015126451849937411,0.07482191920280462,0.004541337490081787,0.013072699308395386,0.14420545101165771,-0.008785337209701594,0.045373946428298895,0.013064086437225397,-0.047000437974929865,-0.17577362060546875,-0.10908102989196777,0.2339583337306977,0.09359142184257502,-0.11783498525619507,-0.09594547748565668,-0.06778693199157715,0.07576307654380798,-0.014823496341705322,-0.084408700466156
P5227,-0.09197267889976501,-0.16411793231964117,-0.16353072226047521,-0.05962277948856359,-0.11626467108726501,0.07002487778663641,-0.02914188802242279,-0.05400438606739047,-0.05135858058929449,-0.055962115526199285,-0.07999753952026362,-0.005369544029235784,-0.043711841106414795,-0.14574366807937628,0.08747033774852753,-0.062195390462875366,-0.12932038307189941,-0.0918332040309906,-0.10233446955680847,-0.11554723978042603,0.09111353754997259,0.023087292909622192,-0.15370118618011475,-0.07256683707237238,-0.1252221167087555,-0.046447873115539495,0.01413062214851385,0.04457542300224304,0.02765032649040222,-0.034542798995971735,-0.12706652283668518,-0.1842229068279267,0.2378847599029541,0.1335645318031311,-0.18923339247703558,0.010785222053527832,0.17899438738822943,0.034009963274002075,-0.13111421465873724,-0.16330093145370483,0.002258777618408203,0.04249686002731323,-0.1254759430885315,-0.1111567914485932,-0.11302235722541815,-0.02366161346435547,-0.1621173620223999,-0.16294080018997198,-0.09043586254119867,0.08981561660766602,-0.035459607839584406,-0.054528653621673584,-0.20954197645187383,-0.10018965601921087,-0.17630991339683538,-0.1846056878566742,-0.03391128778457636,-0.07019254565238947,0.21983826160430908,0.07540518045425415,0.13003012537956243,0.0872341394424439,-0.053049236536026,-0.048539161682128906,-0.055818110704422,-0.024337828159332275,-0.012906938791275024,0.01303404569625849,-0.2715698778629303,-0.13744184374809265,-0.15803495049476624,-0.1784287989139557,-0.03257012367248541,0.05524125695228577,0.11387532949447632,0.11023139953613281,-0.0819997489452362,-0.0398434698581695,-0.12325063347816473,-0.06280189752578735,-0.07235431671142584,-0.1718300879001618,-0.21459278464317322,0.0869836807250976,-0.048730999231338556,-0.08880501985549927,0.024216502904891996,0.01164543628692627,-0.06064045429229736,-0.06262260675430298,0.10524648427963257,-0.1466711163520813,6.556510925292969e-07,-0.10020464658737188,0.032917559146881104,0.04018092155456543,-0.14361780881881714,-0.08849555253982544,-0.056052565574645996,-0.2133038341999054,0.0007734894752503552,-0.10289853811264038,0.20154294371604925,0.06505745649337769,-0.11738851666450498,-0.13204851746559143,,0.021655410528182983,0.008257269859313965,0.060932815074920654,-0.21578258275985718,-0.06852972507476807,-0.11386072635650635,-0.1184410899877548,0.06156015396118164,-0.013309746980667114
P5228,-0.06655514240264893,-0.04397307336330408,0.04301899671554571,0.0424469411373139,-0.009829878807067871,-0.020425736904144287,-0.05706846714019781,-0.0925561189651489,0.04198390245437622,-0.056545376777648926,-0.022112011909484863,-0.053511083126068115,-0.05340462923049927,-0.02842259407043457,0.08077162504196167,0.016308248043060303,-0.13111084699630737,0.003728806972503662,0.0013610124588012695,-0.006709247827529907,,,-0.023685425519943182,-0.12254363298416138,-0.08999347686767578,-0.018655598163604847,-0.004472851753234974,-0.09621447324752808,-0.008087366819381658,-0.07863491773605347,-0.07561865448951716,-0.08373543620109553,0.018445312976837158,0.02707350254058838,,,-0.03083479404449463,-0.06697207689285278,-0.07515829801559448,-0.0658753514289856,,,-0.14638462662696838,-0.020848304033279474,-0.02052274346351629,0.035665154457092285,-0.07283800840377808,-0.017488420009613037,-0.13847896456718445,-0.22399982810020452,0.08829683065414429,0.00872790813446045,-0.07133179903030396,-0.0813184380531311,-0.1269860714673996,-0.09646809101104739,-0.06469348073005671,-0.10766866803169248,-0.0952391922473908,0.07278591394424438,-0.07721549272537226,-0.05134826898574829,-0.02929508686065674,0.05478709936141968,-0.07030552625656128,0.006284952163696289,0.07389631867408752,-0.0728161484003067,0.016050279140472412,,-0.08854764699935913,0.07060247659683228,-0.04926198720932007,-0.05620765686035156,,,,-0.00712132453918457,-0.05642765760421753,,-0.05772705376148221,-0.07027243077754983,0.07087150216102606,-0.07008033990859985,-0.1156760305166245,-0.1185175180435181,0.07539284229278564,-0.18178123235702515,-0.02525480091571808,-0.02240641415119171,0.14285710453987127,-0.014258325099945068,-0.032948195934295654,0.05006253719329834,,,-0.10637116432189941,-0.03283998370170588,-0.006561875343322698,0.0840451717376709,-0.055178940296173096,,0.012048408389091408,0.005659520626068115,,,,,,,,,,,,
P5229,0.04416847229003912,-0.033021420240402194,0.016798615455627414,-0.02649086713790899,0.0005516409873962957,-0.007988989353179876,-0.012002289295196505,-0.0573270320892334,0.015840083360671997,0.07762891054153437,0.05258405208587652,0.08963456749916082,0.03916665911674505,-0.023747563362121638,0.09489047527313227,0.05165545642375949,0.1448296308517456,0.1242175698280335,-0.06136894226074219,-0.010322839021682795,-0.049604207277297974,0.2852628827095032,-0.04705134034156799,0.01983961462974554,0.09568753838539118,0.1497086882591248,0.09283086657524103,0.1275076866149903,0.23712378740310674,0.009260058403015137,0.04734688997268677,-0.0979194045066833,0.13977807760238642,0.0626029372215271,0.21529841423034668,0.09802985191345215,0.19141271710395813,0.042008608579635676,0.03892162442207331,0.010162919759750366,0.2835026979446411,0.1478932499885559,-0.22345688939094543,-0.31585964560508734,0.10795497894287115,0.15407505631446844,-0.2727683782577514,-0.010276377201080322,0.030649796128272982,-0.0029343366622924805,0.06365500390529638,0.08041894435882574,0.077606201171875,-0.11311972141265875,0.009749233722686712,-0.01930144429206848,-0.1458175480365754,-0.1781527400016784,-0.04216763377189636,0.036276102066040095,-0.01352757215499878,-0.04765278100967413,0.04348114132881159,0.027546107769012396,-0.01963642239570612,0.13906928896903992,0.1428647935390473,0.05711197853088379,-0.15814208984375,-0.10776147246360779,-0.14740115404129023,-0.1114633977413178,-0.25618758797645574,-0.26404327154159546,0.104378491640091,-0.22150707244873047,0.07484316825866699,-0.07854342460632324,0.34917834401130676,-0.07579141855239868,0.11476543545722961,0.051465243101119995,0.12946410477161413,0.1778911948204041,-0.004101499915122903,0.05557860434055331,0.10326564311981201,0.08458536863327026,-0.025050073862075806,0.050729975104332,-0.1836574673652649,-0.1902255117893219,-0.004276752471923828,0.05959475040435791,-0.07721483707427979,-0.117795079946518,0.03741511702537542,0.17299368977546692,-0.17251971364021307,-0.01678219437599182,0.0019570589065551758,-0.018490523099899292,0.13991671800613403,-0.04883235692977905,-0.029633879661560114,-0.038390994071960394,0.056799411773681696,0.02259880304336548,-0.12552249431610096,0.1647270917892456,0.11224585771560669,-0.003050297498703003,-0.11593180894851685,-0.09708821773529064,0.020605057477951105,-0.10469675064086914
P5230,0.010313808917999268,0.06303372979164121,0.05735969543457031,0.0015634894371032992,0.04076388478279119,0.07755562663078314,0.04011350870132441,-0.011076658964157104,-0.15208259224891668,0.05739116668701172,0.14025986194610596,-0.19508519768714905,0.020200729370117188,-0.07035356760025024,-0.1937534511089325,-0.09349465370178223,0.025052368640899658,0.03623384237289429,0.1451006829738617,0.1941504180431366,,,0.1663815081119538,0.14016464352607727,0.02716684341430664,0.03417438268661488,,-0.008931219577789251,0.05009782314300543,0.1601305007934571,0.18940681219100958,0.18831962347030645,0.049044013023376465,0.019834697246551514,,,-0.11771444976329812,-0.1158682107925415,0.04776918888092052,0.18873995542526245,,,-0.04263707995414734,0.06927916407585138,-0.0002084672451018732,-0.08881419897079468,-0.018802285194396973,0.2011089026927948,-0.059514045715331976,-0.20059159398078918,0.03244799375534063,-0.036863178014755305,-0.06331510841846469,0.0,0.011871129274368342,0.012604564428329468,0.04114231467247009,0.07226331532001501,-0.10914409160614014,-0.14172318577766418,-0.105706125497818,-0.07823961973190308,-0.1658465564250946,-0.0816304087638855,6.0617923736572266e-05,0.01095601916313177,0.07069617509841919,-0.0320232212543487,-0.05812293291091919,,0.12834528088569647,0.10289877653121948,0.12713611125946045,-4.667043685924188e-05,,,,,,,-0.023087233304977417,0.004782259464263916,-0.0366935133934021,-0.14592811465263367,-0.003031969070434515,0.05738852918148038,,,-0.0521560609340668,0.02608025074005127,-0.0751333236694336,0.026198908686637906,,,,,-0.24045568704605103,0.06414258480072021,0.028291404247283936,-0.12533578276634222,,,,,,,,,,,,,,,,
P5231,-0.0284883975982666,-0.08654987812042231,-0.0256533473730087,0.07090708613395691,-0.23269915580749512,-0.2783728837966919,0.028832539916038513,0.03718084096908569,-0.08531558513641352,-0.06803387403488159,-0.06440261006355291,-0.1291458010673523,0.07295724749565119,-0.08917798101902011,-0.1750136911869049,-0.14160926640033722,-0.26219677925109874,-0.12153631448745728,-0.05771410465240481,-0.04392847418785101,-0.11379879713058472,-0.2192116379737854,0.0908991098403931,0.1208817660808563,0.1380414068698883,0.20389527082443243,0.09073406457901007,0.061324506998062134,-0.027765437960624695,-0.0486756414175033,-0.053999632596969604,-0.0637647807598114,-0.04482725262641907,-0.0794770717620849,-0.065135657787323,0.06691849231719971,-0.1212652921676636,-0.1023660302162171,-0.14866608381271368,0.040414661169052096,-0.0575748085975647,0.049791812896728516,0.01838800311088562,0.16606095433235174,-0.1667475402355194,-0.07719600200653076,0.10148108005523687,0.05544266104698181,-0.06457629799842829,-0.17063063383102423,-0.004125669598579407,-0.11712536215782168,-0.1254702955484391,-0.0994128286838532,-0.06926128268241877,-0.08334153890609738,-0.10407547652721408,-0.09087453782558438,0.17635726928710932,0.047796815633773804,0.11379095911979675,-0.035922914743423406,0.11446458101272583,0.0359616875648498,-0.12772098183631903,0.03933325409889221,-0.014311045408248901,-0.0540623664855957,-0.2420972138643265,-0.279792457818985,-0.0728138685226441,-0.09825998544692988,-0.12971454858779902,-0.09107193350791931,-0.047605693340301514,-0.08248856663703924,-0.34732222557067877,-0.3090023696422577,-0.20551249384880071,-0.19018203020095825,-0.1576602905988693,-0.1302092671394348,-0.07535223662853241,-0.012099146842956487,-0.10216601192951197,0.04087330400943762,-0.09288710355758667,-0.0562436580657959,0.0011844933032989502,-0.08455857634544373,-0.15437233448028564,-0.17096871137619019,-0.28580111265182495,-0.101548582315445,0.020793646574020386,0.040581196546554565,-0.09576493501663208,-0.05237329006195071,0.0632872581481933,0.08799079060554499,-0.008258521556854248,0.0529655516147613,-0.054910480976104736,-0.11458730697631836,-0.13054054975509644,-0.10788470506668091,,-0.01880091428756714,0.044975101947784424,0.0395473837852478,-0.28964191675186163,-0.01941049098968506,-0.09649825096130371,-0.03173956274986267,-0.12968575954437256,-0.1552451252937317
P5232,0.10475933551788336,0.031105995178222656,-0.009915530681610107,0.005500286817550659,0.15970057249069214,-0.04513341188430786,0.10930448770523071,0.1258141994476319,,,-0.28221452236175537,-0.24324190616607655,,,,,,,-0.20441919565200806,-0.0612111091613769,,,0.03981596231460571,-0.043200790882110596,,,,,-0.03422224521636963,-0.08898133039474487,0.042833685874938965,0.06419581174850464,,,,,,,,,,,0.04758545756340027,-0.09293296933174133,-0.0032082200050354004,-0.03129941225051869,-0.1730449497699738,-0.025859296321868896,-0.05026644468307495,0.0717536211013794,0.0999657809734345,0.02669578790664673,,,-0.08837884664535522,0.10049396753311157,0.15914633870124822,0.023003101348876898,0.03737896680831909,-0.06382530927658081,-2.384185792125848e-07,,-0.057525455951690674,,,-8.922815322887079e-05,0.14740309119224548,0.13369430601596832,,,0.014051079750061035,0.019577741622924805,,,,,,,,,-0.0065739452838897705,-0.05750936269760132,,,0.05656319856643677,0.1207315623760224,,,,-2.384185792125848e-07,,,,,,,,,,,,,,,,,,,,,,,,,,
P5233,-0.07122346758842463,-0.015981286764144897,-0.0316004008054733,-0.06857988238334661,-0.0025015473365784247,0.004615694284439087,-0.043091341853141785,-0.01560895144939417,0.028045356273651123,-0.03755095601081848,0.19012922048568726,-0.01431208848953247,-0.007204651832580566,0.04084736108779902,0.04593425989151001,0.08126908540725708,0.0450785756111145,0.04841533303260809,-0.1725253462791443,-0.07418638467788691,,,-0.10800370573997498,-0.02712684869766241,-0.022393345832824707,-0.0230523943901062,-0.021866023540496826,-0.0043032169342041016,-0.0737562030553818,-0.08168786764144892,-0.12638655304908752,-0.12139090895652771,-0.05428844690322876,-0.03415247797965998,,,-0.07854646444320679,0.002891063690185547,-0.04725027084350586,-0.02588245272636419,,,-0.007523506879806574,0.08871632814407349,-0.0735117495059967,0.06875324249267578,0.007102251052856501,0.06305740773677831,-0.08792239427566528,0.09853687882423401,-0.04264354705810547,-0.016964882612228394,-0.004706084728240967,-0.020055294036865234,-0.033065766096115085,-0.03516626358032221,-0.059327125549316406,-0.04702779650688177,-0.004007667303085327,0.018950164318084772,0.026550889015197754,-0.05162286758422857,0.03064796328544611,0.09329336881637573,0.02787649631500244,0.048887759447097834,-0.1236245185136795,-0.04246187210083008,0.062327027320861816,,0.006923556327819824,-0.05570608377456665,-0.019884884357452393,0.03255879878997803,,,,,-0.011319279670715221,,0.033411651849746704,-0.058198988437652616,0.019267916679382324,0.014241039752960205,-0.003354102373123169,-0.026747405529022272,0.07516926527023315,0.01925128698348999,0.019239664077758734,-0.08316089212894437,0.04973793029785151,-0.013696074485778809,0.04338669776916504,0.046224236488342285,,,-0.06455671787261963,0.07238751649856567,0.044677019119262695,0.06595411896705627,-0.0832669734954834,0.002409338951110729,-0.03322303295135498,-0.02564847469329834,,,,,,,,,,,,
P5234,-0.1377532929182053,-0.09744337201118464,0.03729905188083649,0.05712987482547757,0.07968214154243472,-0.0046247839927673895,0.018934294581413297,0.04027929902076721,-0.06412306427955627,-0.07114025950431818,-0.09328633546829229,-0.036646485328674316,-0.09560930728912359,0.000484466552734375,0.024606764316558782,0.0488525927066803,-0.1077322363853454,-0.053411602973938044,-0.10714501142501837,-0.0130157470703125,-0.026770442724227905,0.004413187503814697,0.12282255291938787,0.05751007795333862,0.15132206678390508,0.09622368216514582,0.10594010353088379,0.11868852376937872,-0.14465519785881042,-0.12235459685325623,-0.06049415469169611,-0.15067580342292786,-0.11118674278259277,-0.0569441020488739,0.08536267280578613,0.05981910228729248,-0.013306885957717896,-0.009810864925384577,0.008868545293807983,0.018259972333908026,0.0204420685768128,-0.11450347304344172,-0.14194154739379883,-0.01025390625,-0.08230721950531,0.025083482265472468,-0.14356732368469244,-0.12182202935218811,0.05553996562957769,-0.03349572420120239,-0.019686669111251887,0.021009296178817805,-0.0033602118492126465,-0.11090183258056646,-0.0157640278339386,-0.05776190757751465,-0.09174081683158875,-0.08519884943962097,-0.002931475639343206,0.11903572082519531,-0.023023590445518466,0.02322477102279663,-0.11972537636756897,0.01577895879745478,0.12989234924316406,-0.00968796014785761,-0.0861744880676269,-0.01788181066513067,-0.08870142698287958,-0.010295629501342773,0.015890061855316162,0.010962337255477905,-0.036938369274139404,-0.03574413061141968,0.06347191333770752,-0.022390902042388916,-0.021477997303008978,-0.014969438314437922,-0.07342863082885742,-0.12093764543533325,-0.1318828463554383,-0.09149968624114996,-0.06652730703353879,-0.09558704495429993,0.0899019837379455,0.024375915527343806,0.10151243209838867,-0.06334513425827032,-0.04400232434272772,0.1474208533763886,,,,,-0.12302583456039429,-0.11431634426116943,-0.1361861228942871,-0.10268142819404608,-0.06142204999923706,0.04435223340988159,,,,,,,,,-0.0072782039642333984,0.01519322395324707,0.015539675951003973,-0.18130755424499512,,,,
P5235,0.040740698575973594,-0.05954732000827789,0.011867552995681818,-0.05052733421325678,0.08995646238327026,0.022247463464736883,-0.06942862272262582,-0.2208970785140992,0.1825065761804581,0.1338280588388443,-0.03688725829124445,-0.0399500429630279,-0.031850725412368774,0.05706539750099188,0.03980760276317602,0.05877825617790222,-0.015361905097961481,-0.016632616519927923,-0.07266853749752042,-0.28066712617874146,0.1025938987731933,0.09850400686264038,0.1727703511714936,-0.07633784413337708,-0.019931316375732422,0.017854869365692083,0.03908088803291321,0.002353131771087591,-0.0345369428396225,-0.0840519517660141,0.15608298778533936,0.13162186741828918,-0.007964521646499578,-0.011316001415252741,0.2507420778274536,0.12134283781051636,-0.0328074395656586,-0.018398255109787043,0.007376849651336725,0.06627549231052401,-0.19201761484146124,-0.21447181701660156,-0.14701616764068604,-0.028597652912139893,-0.016063898801803644,-0.07608538866043091,-0.10873872041702276,-0.15536290407180792,0.08512195944786072,0.155176192522049,0.05340507626533508,0.06387168169021606,0.10710221529006952,0.1008358895778656,-0.008569598197937012,-0.10448244214057928,-0.05918216705322271,-0.14094068109989166,0.1261200606822968,0.09623506665229797,-0.11203879117965704,-0.05947160720825201,-0.03431913256645208,0.10397619009017939,0.11072450876235967,0.2458361685276031,-0.11347749829292297,-0.2831193506717682,-0.332752525806427,-0.33504921197891235,-0.18751510977745056,-0.2705442309379578,-0.20876100659370428,-0.29789200425148016,-0.1559516191482544,-0.21228548884391785,-0.16330409049987799,-0.18971708416938782,-0.010632812976837103,-0.13789519667625427,-0.09960430860519409,-0.0913330465555191,-0.015310481190681402,0.04416796565055853,0.024648666381835993,-0.017628580331802396,0.045404925942421015,-0.07111606001853943,-0.1301323771476746,0.0036239475011825006,-0.1510775536298752,-0.08307912945747381,0.027899950742721613,0.010543972253799494,0.0475999116897583,-0.1931273639202118,-0.3158277571201325,-0.3051958978176117,-0.0769985020160675,-0.1962427943944931,-0.18888932466506958,0.1059460043907165,-0.24496787786483765,-0.2427653670310974,-0.26717242598533636,-0.3007601499557495,-0.08612364530563354,-0.0700300931930542,-0.24793633818626404,-0.28464120626449585,-0.2541355192661286,-0.12662392854690552,-0.06093984842300415,-0.2631540298461914,-0.2623721957206726,0.017740607261657715
P5236,-0.1250205934047699,0.009574353694915827,-0.140144631266594,-0.05655790865421301,-0.045962929725647,0.12138016521930692,-0.22230122983455652,-0.0474086403846741,0.04357558488845831,0.020603597164153997,0.032309979200363104,0.0862209796905517,0.024465173482894897,0.029002040624618586,0.006892263889312689,0.06329363584518433,-0.015639543533325195,0.021476179361343384,0.08541089296340942,0.05266401171684271,-0.005235165357589666,0.11192354559898376,-0.1514240801334381,0.0251726806163787,-0.08166870474815369,-0.1195164024829864,-0.0236466526985169,0.0260401070117951,0.08849292993545532,0.03434240818023676,0.04005628824234009,0.06983515620231623,-0.0990228652954101,-0.07294207811355596,0.06016659736633301,0.11939257383346558,-0.06877169013023382,-0.04829457402229309,-0.033037871122360285,-0.13007494807243347,0.05829620361328125,-0.00874316692352295,-0.1239599883556366,-0.1269164383411407,-0.023386567831039484,0.0630830824375152,-0.06264171004295349,-0.09824290871620178,-0.03127491474151611,-0.04220277070999151,-0.0007519125938414972,0.05392178893089289,-0.12825515866279602,0.03406095504760748,-0.07185918092727667,0.09544026851654058,0.0722372829914093,0.0763708353042602,-0.044992238283157404,-0.059650123119354304,-0.11215284466743469,-0.13088327646255493,-0.05597367882728577,-0.06272953748702997,0.010984867811203003,-0.020876586437225286,-0.015743553638458252,0.015979796648025513,-0.1010130643844604,-0.12435270845890053,-0.0216672420501709,0.10000663995742792,0.08157739043235779,0.009134173393249512,-0.16523325443267828,0.11133497953414923,-0.05312123894691467,0.016196101903915405,0.08560067415237427,0.19772642850875854,0.07698720693588251,0.1815041303634643,0.014851182699203547,-0.0734015703201294,-0.04309672117233271,-0.022579386830329895,-0.13239333033561707,-0.06465721130371094,-0.05058178305625921,0.05307197570800781,0.06543445587158203,0.13039332628250122,0.0965050458908081,-0.413631558418274,0.023123323917389027,-0.02743309736251831,-0.044436514377593994,-0.04368704557418823,0.05020779371261597,0.08630943298339844,0.2333332896232605,,-0.1766381859779358,-0.04812830686569214,0.07547372579574585,0.062349557876586914,,0.08338123559951782,-0.015254259109497181,-0.1380954384803772,-0.08001202344894409,-0.018326222896575928,0.02168449759483332,0.06999945640563959,0.06516057252883917,-0.29127442836761475
P5237,-0.1267807483673096,-0.22836010158061978,-0.0953294187784195,-0.1182786822319031,-0.11065569519996638,0.015542477369308472,-0.0329383909702301,-0.1105668097734451,0.04277396202087402,0.052685946226119995,0.08032757043838501,-0.04679146409034729,-0.09515978395938868,-0.06779898703098303,-0.021054431796073886,-0.005212932825088501,-0.0774138867855072,-0.126162201166153,0.013939529657363892,-0.2646970450878143,0.0364279448986054,0.07759441435337067,-0.02347463369369507,-0.1041993498802185,-0.04490020871162409,-0.1648476123809815,0.05920398235321045,-0.02320331335067749,-0.0212761461734772,-0.0865536630153656,-0.11148235201835632,-0.08667239546775823,-0.1314385086297989,-0.12933221459388727,-0.11168122291564947,-0.016176164150238037,0.008802220225334195,-0.00914919376373291,0.007397666573524503,-0.022283688187599182,-0.0945191085338592,-0.1380919218063354,-0.17084628343582153,-0.20853766798973083,-0.06846174597740173,-0.15896791219711298,-0.2287449836730957,-0.21055185794830322,-0.1227186322212219,-0.09510788321495062,-0.06167137622833252,-0.07412195205688477,-0.10797330737113958,0.027483999729156494,-0.2114360928535462,-0.13895991444587702,-0.326569065451622,-0.28453637659549713,-0.017826944589614868,-0.006983906030654907,0.03173178434371943,0.02098923921585083,-0.06526696681976313,0.04401391744613653,-0.008760631084442139,-0.07607579231262213,-0.06540590524673456,-0.02193152904510498,-0.3816937655210495,-0.3571960777044297,-0.17833569645881658,-0.19149687886238098,-0.044779628515243475,-0.05655437707901001,-0.10235285758972168,0.04560396075248724,-0.18459561467170718,-0.134552538394928,-0.09781202673912054,-0.05941277742385864,-0.19250497221946716,-0.18802905082702642,-0.06483325362205508,-0.195106491446495,-0.030060216784477206,0.023454904556274414,-0.03447127342224121,0.013757705688476562,-0.019192859530448886,-0.09134204685688022,0.15940368175506597,-0.0893736183643341,-0.13347399234771729,-0.19721025228500372,-0.01188820600509638,0.0019722580909729004,-0.03993478417396551,-0.0334047079086304,-0.0718307793140412,-0.08448809385299688,0.024151861667633112,-0.10274025797843939,-0.14838486909866339,-0.1150394976139068,-0.10985934734344482,-0.2766988873481751,0.137107253074646,0.0258408784866333,-0.13098737597465515,-0.09731906652450567,-0.046140521764755194,-0.06236663460731512,-0.028549134731292725,-0.057242602109909,-0.11595448851585394,-0.08138537406921387
P5238,-0.1707260310649872,-0.1215375363826752,0.0014164447784422995,-0.013552367687225286,0.2238750010728836,0.24217760562896734,-0.007031053304672186,0.011863321065902654,0.06567469239234919,0.021828889846801813,0.0763316154479981,0.05097204446792597,0.1502049714326859,0.09800750017166143,0.023431867361068698,0.028119444847106906,-0.07703369855880737,0.05240601301193243,0.03725297749042508,-0.054464027285575894,-0.015461415052413885,0.24322733283042913,-0.034166753292083685,0.03953361511230469,0.17669591307640076,0.25302451848983765,0.04507067799568182,0.28511148691177374,-0.1230397522449494,0.006922721862792969,-0.03962439298629755,0.0019044578075408936,0.0175871551036835,0.04661059379577637,0.05545759201049805,0.07856971025466919,0.016018599271774292,0.10494899749755865,-0.11457940936088562,0.11152660846710205,-0.04752033948898321,0.0305158793926239,-0.16539156436920172,-0.04363784193992615,-0.10459277033805847,-0.076957106590271,-0.0465716272592544,-0.08623953163623813,-0.022404819726944025,0.020771771669387762,-0.06884121894836429,-0.06363597512245178,0.07480189204215998,0.0646231472492218,-0.05044113099575048,-0.004751056432723999,-0.057164654135704124,-0.013046443462371882,0.003147631883621216,-0.09663262963294988,0.010300546884536799,-0.04322302341461187,0.05727970600128168,0.1039163768291474,-0.008437812328338623,-0.1663214266300202,-0.11984321475028997,-0.17359590530395508,-0.060454338788986234,-0.08649048209190369,-0.28208583593368536,-0.23988965153694153,-0.16297677159309387,-0.13460403680801392,0.021291375160217285,-0.05010753870010376,-0.14921504259109492,-0.1444209218025207,-0.13963949680328375,-0.08285558223724365,-0.04868572950363159,-0.1689020097255707,0.1821894198656082,0.0724645853042602,-0.038068547844886724,-0.1003439128398895,0.08564540743827825,0.06191292405128479,-0.0943265408277511,0.013108283281326294,-0.18180224299430853,-0.08588862419128418,-0.2305387258529663,-0.16803038120269775,0.02348572015762329,0.02591043710708618,-0.028829783201217707,-0.04325783252716059,-0.1406123042106629,-0.0998188853263855,-0.002281010150909202,-0.5258567035198212,-0.06528997421264648,-0.16790270805358887,-0.09283310174942017,-0.11503016948699962,,0.0030784010887145996,-0.025421857833862305,0.008036822080612183,0.03033226728439331,-0.10008537769317633,-0.2628016471862793,-0.22565597295761108,-0.32123655080795294,-0.1246497631072998
P5243,-0.07287992537021637,0.00707769393920904,-0.02588863670825961,0.027898713946342496,0.026045769453048706,0.03066056966781608,-0.03303067386150357,0.10813969373703003,-0.03482271730899816,0.10175496339797968,0.1079925000667572,0.007520884275436401,-0.016158938407897894,0.10214820504188532,-0.014387696981430054,0.02689993381500244,-0.12905114889144903,-0.1753568351268769,0.028158128261566218,-0.06589877605438232,-0.0653863251209259,-0.09487411379814148,0.08017867803573608,0.05501052737236023,0.14217236638069158,0.1003269255161286,-0.011861860752105713,-0.006217628717422485,0.027483731508255005,-0.04588150978088379,0.13078567385673523,0.073734700679779,0.02271834015846258,-0.059105753898620605,0.08154577016830444,-0.029662787914276123,-0.1368719339370728,-0.026896506547927912,-0.14907875657081598,-0.017611235380172674,-0.07049274444580084,-0.11078250408172607,-0.22444683313369745,-0.1835158467292785,-0.006383299827575684,-0.07323265075683594,-0.09316807985305792,-0.10108578205108651,0.018666058778762817,-0.027607321739196777,0.00702789425849909,-0.05409352481365201,-0.02740064263343811,-0.052913725376129095,-0.07958820462226873,-0.11006245017051691,-0.1730643063783646,-0.19131401181221008,-0.0214321911334992,0.0833724737167359,0.06351041793823242,0.2450348436832428,-0.01281687617301941,-0.03611913323402405,0.035545527935028076,-0.1243356466293335,0.053877323865890475,-0.06068050861358637,-0.1318592131137848,-0.02775812149047846,0.10542657971382141,0.027290344238281306,-0.04120153188705444,-0.01762336492538452,-0.04555386304855347,0.10323983430862427,-0.18656176328659063,-0.286708265542984,-0.039248466491699274,-0.23452228307724,-0.07718417048454285,-0.07379156351089483,-0.2290725708007812,-0.13495279848575586,-0.0139711052179336,0.006032019853591891,-0.0940258800983429,-0.06553280353546148,-0.0308691263198852,0.04375538229942327,-0.023027479648590088,0.06968724727630615,-0.043290019035339355,-0.02896279096603399,-0.19433405995368958,-0.1971802413463592,-0.23280391097068787,-0.14078903198242182,0.07197728753089899,-0.1332924365997315,,,0.3161837458610536,0.36311984062194813,0.040472984313964844,0.16429421305656433,,,-0.10995662212371826,-0.1464533507823944,-0.19738936424255377,-0.09439328312873846,0.15562045574188232,-0.07834959030151367,-0.0248843133449555,-0.07318276166915894
P5244,0.02123931050300598,-0.0011443197727203924,0.07673488557338717,0.0325440168380737,0.039164185523986816,-0.0995254218578338,-0.010349228978156988,-0.021614581346511813,0.05915531516075129,-0.010198384523391724,-0.11945036053657537,0.03235611319541931,-0.041674911975860596,-0.03177750110626221,-0.05947487056255338,0.1613848507404328,-0.07099303603172302,-0.06715112924575811,0.042484283447265625,0.040490806102752686,-0.03649646043777466,-0.09828278422355657,0.02499103546142578,0.017056643962860107,-0.06264165043830872,-0.1807230859994888,-0.2434031367301941,-0.1563109904527664,-0.04727107286453247,-0.022690951824188232,-0.1353771984577179,-0.11286517977714533,0.14030589163303372,0.1586428582668305,0.019958674907684326,-0.017968833446502686,0.008629739284515436,0.07083085179328918,0.07380706071853632,0.12426108121871948,-0.10507112741470337,0.02782440185546875,0.12061065435409546,0.0002646446228027344,0.10210743546485901,0.08989536762237549,-0.07830144464969643,-0.05320250988006586,0.17258009314537054,0.1553622484207154,0.0040000826120376864,-0.0070343017578125,-0.03347188234329229,-0.0025967657566070557,0.009225249290466309,0.03287947177886957,-0.09872710704803467,-0.08764100074768061,0.010976031422615024,0.09710150957107538,0.005613058805465698,0.1331987977027893,-0.08065357804298401,0.0012424290180206299,0.10154145956039429,0.066348135471344,0.12072643637657166,0.09050190448760986,-0.08300319314002991,0.10024890303611755,-0.03106218576431269,-0.004930615425109919,-0.04204860329627991,0.0005684494972229004,0.06312179565429688,0.044155567884445246,-0.012775450944900568,-0.0468581169843674,0.11937743425369263,0.00906991958618164,-0.016378730535507202,0.05426335334777832,-0.019141077995300293,0.04557913541793823,0.09903928637504578,0.0032138824462890903,4.768371583141473e-07,0.1653875708580017,0.17811435461044312,0.057869777083396884,-0.08379179239273071,-0.1259616613388062,0.26050400733947754,,0.11247813701629639,-0.0968325138092041,0.015122383832931519,-0.1271567940711975,-0.008953720331191961,-0.08119860291481018,,,,,,,,,0.07140910625457764,0.15840190649032593,0.09228789806365961,0.043123602867126465,0.01593470573425315,,,
P5245,-0.08659309148788452,-0.0436968058347702,-0.16261407732963568,-0.11117817461490631,0.003332465887069702,-0.08123002946376809,-0.02784132957458499,0.038511395454406794,0.04052731394767761,0.024481266736984197,-0.07545351982116699,-0.09909659624099731,-0.03671099245548248,-0.0828895717859269,-0.0453917086124421,-0.04915955662727359,-0.1757017970085144,-0.1678115427494049,-0.18471579253673562,-0.21054261922836298,0.0021302700042725164,-0.14012190699577332,-0.07929733395576477,-0.1334578692913055,0.00494915246963501,-0.0391252338886261,-0.18831083178520208,-0.06589320302009583,-0.12655630707740784,-0.11605381965637213,-0.10965487360954285,-0.1832655370235443,-0.09006133675575262,-0.07830516993999478,-0.10041224956512451,-0.00015366077423095703,-0.2025705277919769,0.08092907071113581,0.1429439783096313,-0.04425306618213662,0.06027558445930481,-0.1154884397983551,0.15904170274734497,0.18698787689208984,0.1444335579872132,-0.018513947725296076,0.07849070429801941,0.00467798113822937,0.0982463955879212,-0.13268491625785833,-0.17431844770908358,-0.2001414149999618,-0.17708615958690638,-0.1259357333183288,-0.08717906475067139,-0.0893214792013168,-0.1998960524797439,-0.11437284946441648,0.10234832763671875,-0.03293636441230774,-0.10296639800071722,-0.03175732493400568,-0.010982781648635864,-0.018121123313903753,-0.05506202578544622,-0.04490476846694941,-0.011214315891265814,-0.11610735952854159,-0.17457625269889832,-0.053959667682647705,-0.12162330746650701,-0.03874292969703669,-0.1373803317546845,-0.20961079001426697,-0.11601793766021729,-0.24247387051582336,-0.1833481788635254,-0.3871782720088959,-0.08265435695648193,-0.11679801344871527,-0.1782673299312592,-0.1378350704908371,0.07473024725914001,0.091853603720665,0.04847100377082822,0.0239356458187103,-0.06231361627578741,-0.23683455586433416,-0.22806812822818762,-0.05538579821586606,0.02599579095840454,0.2055145502090454,0.022121071815490834,-0.006915092468261719,-0.1707658171653748,0.10712248086929316,-0.1654165238142014,-0.13433292508125314,-0.07452759146690363,-0.06032061576843262,-0.2992083430290223,,-0.10856866836547852,-0.10417729616165161,-0.016493380069732777,-0.06264311075210582,0.4313276410102844,-0.2067282795906067,-0.18599170446395874,-0.2715685069561005,-0.3110781610012055,-0.019307017326354925,0.016860604286193848,-0.22526192665100098,-0.09813660383224487,-0.14802676439285278
P5247,-0.04500985145568848,-0.23580372333526617,0.01211906969547269,0.1278159469366074,-0.056886643171310425,-0.031443446874618475,0.039235845208168,-0.008837133646011297,0.07206521928310392,-0.006700873374938965,0.055082440376281794,-0.03364488482475281,0.07838612794876099,0.0818435549736023,-0.08061881363391879,-0.055923476815223694,-0.031027555465698187,0.007621556520461981,-0.038994222879409735,-0.0558213889598847,-0.1379980891942978,-0.0751801729202271,0.1070206463336944,0.06957888603210452,0.15769559144973755,0.05393192172050476,0.16056588292121887,0.15371397137641912,-0.0678066611289978,0.02567395567893982,-0.021838188171386663,0.01992344856262207,-0.0820081233978272,-0.025641053915023804,0.12056237459182739,0.10952979326248169,0.21734863519668585,-0.14732475578784937,0.05622346699237821,-0.09531676769256592,0.0750259160995484,-0.11846831440925598,-0.12907755374908447,-0.15870627760887146,-0.21991413831710815,-0.08084225654602051,-0.21024906635284424,-0.19076520204544067,-0.13962188363075256,-0.26721394062042236,0.018852204084396307,-0.1081195175647735,0.10396122932434076,-0.0482805073261261,0.03393194079399109,-0.020466059446334783,-0.17013317346572882,-0.22098320722579962,0.1768187284469604,0.1586746871471405,0.03523534536361689,0.016205191612243708,0.055161952972412165,0.08181685209274292,0.0838240385055542,0.03019160032272339,0.1159021258354187,-0.02802896499633789,-0.12834644317626953,-0.13631591200828552,-0.09222501516342163,-0.0890970528125763,-0.08768278360366821,-0.06231880187988287,-0.13909900188446045,-0.060011595487594604,-0.3481281399726868,-0.30231723189353943,0.01810312271118164,-0.06365758180618286,0.049518436193466187,0.017557948827743586,-0.15468710660934448,0.14273098111152654,-0.05339783430099487,-0.154632031917572,-0.048590660095214844,0.047874778509140015,-0.07755365967750552,-0.012999176979065025,0.033863008022308405,-0.1733184158802033,-0.06636857986450195,-0.3006629943847657,-0.11968606710433966,0.02125638723373413,-0.2843085676431656,-0.1378615945577621,0.061786323785781916,-0.22509755194187173,-0.008128702640533558,0.01196941733360285,-0.09396779537200928,-0.08226001262664795,-0.13473230600357056,-0.004975497722625732,-0.023665904998779297,-0.04926949739456166,-0.1597003936767578,0.11153829097747808,-0.2091061770915985,-0.21924409270286566,-0.3065418899059296,-0.025567352771759033,-0.14335846900939941,-0.10984373092651367
P5249,0.08057092130184179,-0.004551038146018899,0.0328768789768219,-0.021090298891067477,0.1664568334817887,0.26355060935020447,0.08833092451095581,-0.03863152861595148,-0.053050994873046875,-0.030226677656173706,0.0839875340461731,0.09641686081886292,-0.04299807548522949,-0.07319027185440066,-0.04929336905479431,-0.0882114470005036,-0.07511210441589355,0.030270189046859797,0.07213357090950012,-0.059021532535553034,0.2174775600433349,0.1059680581092835,-0.003123939037322998,0.007308840751648005,-0.09420296549797058,-0.12448513507843018,0.11053377389907837,0.08462277054786682,0.04740259051322937,0.06273305416107183,0.14556649327278137,0.17169752717018133,0.008400052785873413,0.023317337036132896,0.0799981951713562,-0.019487380981445312,0.016082316637039185,0.08149638772010803,-0.02711519598960871,-0.1065353155136109,-0.22250705957412725,-0.27510055899620056,0.1184315979480744,0.08817848563194275,0.1499080657958985,0.047882795333862305,0.02287086844444275,-0.06663855910301208,0.03788495063781738,-0.059990108013153076,0.01190438866615301,-0.019912749528884888,0.018249094486236517,-0.0747685432434082,-0.04032222926616669,-0.0035832673311234076,-0.020860359072685186,0.03658369183540339,-0.054162681102752686,-0.022074639797210693,-0.012549817562103216,-0.11158108711242681,-0.014183670282363947,-0.011023700237274114,0.07533222436904907,-0.044325560331344604,0.06669852137565618,-0.037549555301666204,-0.05181241035461426,-0.1009695827960968,-0.037235647439956665,-0.044613271951675415,0.14812487363815308,0.14982581138610845,0.005901336669921875,0.09263253211975098,0.06150692701339722,0.06257438659667974,-6.616115570068359e-06,-0.00496906042098999,-0.048860102891922,0.06920348107814792,-0.1593389213085175,0.020729094743728582,0.06719891726970681,-0.046066448092460605,0.08472946286201471,0.01466917991638178,0.08793270587921148,0.11080995202064509,0.07660526037216192,0.06703725457191473,0.051190644502639826,0.18743997812271124,-0.1386766433715821,-0.04609546065330511,0.014683723449707003,-0.04606769979000089,0.09705698490142822,0.043416291475295965,-0.08326694369316101,0.09270972013473511,0.07585203647613525,0.04360371828079229,0.029750078916549683,-0.07464069128036499,-0.039103925228118896,0.030255138874053955,-0.29711014032363897,-0.26670041680336004,-0.02697232365608221,-0.009772777557373047,0.07014840841293335,-0.00517582893371582,-0.12193083763122559,0.06558901071548462
P5252,-0.010374307632446289,-0.12389388680458072,-0.1977779865264893,-0.10664063692092898,-0.06227616965770719,-0.059386536478996305,-0.17937669157981867,-0.0707550644874573,-0.10327005386352539,-0.13424667716026312,-0.023053437471389826,-0.036866575479507446,0.02761369943618769,0.026049226522445734,-0.003039538860321045,0.003844231367111206,-0.010687381029129028,0.06614330410957336,-0.1015367209911347,-0.156295895576477,-0.036739498376846313,0.022052079439163208,0.08899730443954462,0.047650545835494995,0.27114316821098333,0.1839676201343537,0.06006824970245361,-0.057434976100921575,-0.15723517537117,-0.04294544458389277,-0.016989052295684814,-0.12446078658103943,-0.1160789430141449,-0.0549613237380982,0.05822718143463135,0.032783448696136475,-0.0790395140647889,-0.0723538994789123,-0.06769381463527682,0.00036603212356567383,-0.0016410052776337225,-0.2727425396442414,-0.11660647392272949,-0.1163755059242248,-0.09721148014068598,-0.16157665848732,-0.1994633972644806,-0.232575461268425,-0.002794355154037531,-0.04076492786407465,-0.07330389320850378,-0.144585520029068,0.0018839836120604914,-0.13027879595756536,-0.3070774376392365,-0.2971950471401214,-0.1207237839698792,-0.14134162664413452,-0.1698610484600067,0.0523198246955871,-0.06372025609016418,0.06376975774765015,-0.07164457440376282,-0.002208054065704401,0.03178650140762329,0.04309180378913885,-0.0773987472057342,-0.02711623907089228,-0.2605446577072144,-0.04876109957695013,-0.47381225228309637,-0.43304893374443054,-0.11752361059188843,-0.08458155393600464,-0.15359234809875488,0.01539766788482666,-0.2588532269001007,-0.40427315235137945,0.03857219219207764,0.08276522159576416,-0.12130600214004517,-0.173851877450943,-0.07460889220237732,-0.06257581710815424,-0.08966478705406192,-0.19523467123508462,0.12775111198425293,-0.16104230284690862,-0.06448385119438171,-0.13210433721542358,0.0320639312267304,-0.05874288082122803,0.044749915599823,-0.012194633483886719,-0.1856575310230255,-0.31188446283340454,-0.28103481233119965,-0.23491112887859353,-0.3060707151889801,-0.19338563084602356,,,-0.17572927474975575,-0.29268181324005127,-0.23008488118648537,-0.1365542113780976,,,0.055364012718200684,-0.18614259362220764,-0.24003326892852783,-0.22656586766242987,-0.09227234125137318,-0.14202600717544556,-0.17898774147033691,-0.0833321213722229
P5253,-0.02775569260120389,-0.039480119943618774,0.0004558563232421875,-0.05378308892250061,0.038709178566932706,-0.005486905574798584,-0.0637408792972565,-0.017915040254592896,0.2148372232913971,0.0765610933303833,-0.1311132907867431,0.029643148183822687,-0.05825787782669073,0.16599157452583307,0.11461824178695673,0.1282995194196702,0.004901081323623713,0.12111112475395203,-0.16321165859699246,-0.1780469715595245,-0.2048780471086503,0.08138926327228552,0.03212359547615051,0.0535269677639007,0.11245998740196228,0.03831842541694641,0.1829376220703125,0.12871798872947698,0.1275626122951507,-0.06731468439102178,0.2194412648677826,0.1645017564296723,-0.03925889730453491,-0.02275946736335749,-0.08044332265853882,-0.07703590393066406,-0.05624827742576599,-0.1348187923431397,0.4657061994075775,-0.36816659569740295,0.08086472749710083,0.12505778670310974,-0.22735750675201416,-0.09991994500160217,-0.26591716706752777,-0.08786201477050781,0.0720199048519134,0.021333634853363037,0.033692419528961126,0.035368651151657104,-0.0603795051574707,0.09384727478027349,-0.08446615934371943,-0.01478791236877447,0.15613460540771482,0.29061308503150945,-0.1483421623706817,-0.15765310823917397,0.09141102433204651,0.1623235642910003,0.016580969095230103,0.1991477608680725,-0.0004895329475403387,0.13842347264289856,0.10427820682525635,0.05243563652038569,0.02657902240753174,-0.08013233542442322,0.05406671762466431,0.11525982618331909,-0.0827390402555466,0.04554770886898038,0.045312643051147516,-0.05802243947982788,0.009147346019744873,0.07658571004867559,-0.10433301329612732,0.05822286009788513,0.034038662910461426,-0.05416041612625122,0.061498045921325684,0.0962733626365661,-0.18995624780654902,0.0965299904346466,0.13409905135631567,0.018551796674728477,0.17833265662193298,0.008819818496704102,0.04398372769355771,0.2522642016410828,0.34827712178230286,0.2874452471733093,0.46909916400909435,,-0.1470121145248413,-0.1596818864345551,0.16186213493347168,0.23290053009986877,0.10618510842323298,0.1978544294834137,,,,,,,,,0.26342350244522106,0.08448195457458496,0.2415500283241272,0.16974425315856928,0.492170125246048,0.2150976061820984,,-0.5456689596176147
P5254,-0.024066627025604304,-0.03303056955337527,0.06748659908771512,0.0059234499931336,-0.166380763053894,-0.15180149674415594,0.058857500553131104,-0.08076214790344241,-0.0696792304515838,-0.28368246555328375,-0.17859426140785217,0.033159166574478094,-0.03265044093132019,0.007018476724624634,0.008680284023284912,0.0030729770660399836,-0.2556438148021698,-0.30879220366477966,-0.1265421062707901,-0.13166934251785278,-0.05883371829986572,0.08395808935165405,0.19588682055473328,0.08116722106933594,0.2199887335300446,0.25096663832664495,0.023958802223205566,-0.05437925457954407,-0.26052039861679077,-0.0924789309501648,0.2622057795524597,0.23372942209243774,0.1763920187950134,0.05813285708427429,0.2130113542079926,0.10344138741493225,-0.2182733714580536,-0.1475606262683869,-0.03233268857002264,-0.12128856778144842,-0.20851865410804749,-0.22933003306388855,-0.1073527038097381,-0.11888682842254644,-0.018583625555038452,-0.1659771203994751,-0.14431974291801458,-0.11527189612388611,-0.1694844663143158,-0.008549362421035711,-0.09383824467659,-0.057375937700271606,-0.0338749885559082,0.05116057395935064,-0.17961332201957703,-0.11361144483089453,-0.1262387037277221,-0.16140688955783838,0.011382967233657892,0.0278975367546081,0.0441762059926987,-0.009497612714767512,-0.037391155958175604,0.16086962819099432,0.12978434562683105,0.1517671644687652,0.10149282217025762,0.059304058551788386,-0.207823634147644,-0.11640912294387817,-0.0228488147258758,-0.06728854775428772,-0.10522046685218817,-0.059156954288482666,-0.03426551818847656,0.013180762529373113,-0.206434965133667,-0.19232253730297091,-0.22696170210838323,-0.364941269159317,-0.11267793178558352,-0.2129815369844436,0.021891474723815918,0.02881637215614319,-0.08376079797744757,-0.069590449333191,-0.005478560924530029,0.18492951989173895,-0.128419429063797,-0.08488915860652921,-0.19315877556800842,-0.11520752310752874,-0.20763540267944336,-0.12722373008728027,-0.1731164455413819,-0.17797568440437317,-0.09423147141933438,-0.10398307442665103,-0.21214997768402105,-0.1768271028995514,-0.004644334316253662,-0.3546175658702851,-0.21534639596939087,-0.13454294204711914,-0.07154393196105957,-0.09940314292907715,,0.0,-0.049053966999053955,-0.09103167057037354,-0.15880024433135986,-0.27515035867691046,-0.1632823944091797,-0.2183699011802674,-0.050356149673461914,-0.2032817006111145
P5258,-0.1028789281845093,-0.1273771524429321,-0.07762353122234353,-0.06084334850311279,0.20069904625415802,0.13825102150440222,-0.14676244556903847,-0.10758988559246058,0.03940330445766449,-0.03126600384712219,0.005315691232681274,0.0888394713401795,-0.03707489371299749,-0.0016240477561950128,0.11416879296302793,0.2112854421138763,-0.12893244624137878,-0.18108141422271729,-0.008700072765350397,-0.10045745968818662,0.16610315442085266,0.2885535657405853,-0.0906807333230972,-0.08216202259063721,0.06747418642044067,-0.005775898694992121,0.13239805400371557,0.017085999250411987,-0.010081440210342407,0.06699603796005249,-0.0891165435314179,-0.03973469138145452,-0.04081918299198148,-0.05449295043945318,0.009533941745758057,0.03734868764877319,-0.01712791621685028,0.07095646858215332,0.04351192712783819,0.05902321636676791,0.06382927298545837,0.11110424995422363,-0.05361154675483698,-0.04357233643531799,-0.10939794778823853,-0.13248196244239807,-0.08418184518814092,-0.038372367620468195,0.0486622154712677,-0.07927912473678589,-0.04343970119953164,-0.048274308443069514,-0.0037910044193268377,0.10993745923042292,-0.05758519470691681,-0.07028877735137942,-0.15227091312408447,-0.1396180540323257,-0.06366324424743652,-0.18396839499473572,-0.01720532774925232,-0.03361248970031744,-0.006141006946563776,-0.025205194950103704,0.006886124610900823,-0.034530133008956965,-0.038718074560165405,-0.012351006269455012,-0.08258992433547974,0.008894264698028509,0.12722614407539368,0.029675066471099798,-0.08910742402076721,-0.026233166456222534,-0.16889581084251404,0.049441009759902954,-0.1298965960741043,-0.0774243175983429,-0.1748613715171814,-0.24614226818084722,-0.14521297812461859,-0.23843860626220698,-0.048914492130279486,-0.0586202889680863,-0.044627964496612604,-0.0035877972841261985,0.0004945993423461914,-0.012386679649353027,-0.015207782387733515,-0.004418238997459412,-0.055186688899993896,-0.17139816284179693,-0.13942235708236694,-0.09339135885238647,-0.1291765570640564,-0.030807346105575617,-0.0346040278673172,-0.017711997032165527,0.029014110565185602,-0.04613456130027771,-0.09013259410858154,-0.0267611145973205,-0.08717775344848633,-0.14277970790863037,-0.0005818605422973633,0.040988147258758545,0.07310080528259277,-0.02182793617248535,0.07272058725357056,-0.10529002547264099,-0.06938117742538458,0.0023197829723358154,-0.11616131663322454,-0.09906947612762451,-0.04390227794647217,0.05071765184402466
P5259,0.1250870674848557,0.04704894125461581,-0.0265191793441773,-0.06989502906799319,0.049183398485183716,0.006549090147018488,-0.1166742593050003,-0.0807756632566452,-0.11212888360023499,0.13139674067497248,-0.10960525274276728,-0.03750452399253851,-0.10203544795513159,-0.1304029524326324,-0.022586286067962646,0.14750957489013672,-0.04428756237030029,0.010979026556015015,0.10750007629394531,0.10699394345283508,-0.2454176098108292,0.0444469153881073,-0.027467399835586492,-0.1601262390613556,0.25517672300338745,0.09929054975509644,0.03153064846992493,0.0706267356872558,-0.03473955392837519,0.03863102197647089,-0.1952173113822937,-0.23718190193176275,0.25914645195007335,0.2160144597291946,0.03906327486038208,-0.01766306161880493,-0.07388648390769958,0.33429914712905884,-0.058011323213577215,-0.05437716841697687,0.036373138427734375,0.18391472101211548,-0.1920481026172638,-0.22428312897682187,0.11523523926734924,0.11024454236030579,-0.14049331843853,-0.2308513224124908,0.03380909562110901,-0.08727791905403132,-0.09263639152050021,-0.09326350688934332,-0.20119249820709229,-0.040169268846511785,-0.1192431449890137,-0.029663741588592474,0.07876798510551461,0.028367727994918823,0.1333675682544708,0.015548288822174017,0.17197886109352112,-0.16790679097175598,-0.05633574724197388,0.05187532305717474,0.1748611032962799,0.056687682867050226,0.03063163161277771,-0.04351893067359924,0.049847126007080134,0.05881756544113159,-0.030045628547668513,0.021756470203399603,0.043558806180954035,0.044567435979843195,0.22201049327850342,0.08906710147857666,-0.0006887018680571955,-0.09142574667930597,-0.12150746583938604,0.03581908345222473,-0.110938161611557,-0.06305834650993342,0.16108624637126923,-0.029521733522415217,-0.0440272390842438,0.010519325733184759,-0.08279687166213989,-0.24522888660430908,-0.09422609210014346,-0.01366528868675232,-0.4473811089992524,-0.5964344143867493,-0.30914467573165894,,0.038158953189849854,0.08746761083602905,0.22749012708663946,0.19757318496704102,-0.162314772605896,-0.22942239046096802,,,,,,,,,-0.15803486108779907,0.23604977130889898,0.16109654307365423,-0.033138275146484375,-0.6062885820865631,-0.45168912410736084,,0.3681095242500306
P5260,-0.13568274676799782,-0.13082863390445712,0.053954035043716486,0.0685734450817109,-0.06899112462997442,-0.015760615468025208,0.066747397184372,0.0476472079753876,-0.01447826623916626,-0.006003230810165405,-0.0844165980815888,-0.026484459638595637,0.04680037498474121,-0.01789391040802002,-0.041909500956535284,-0.020189896225929205,-0.07184925675392151,-0.011294633150100708,0.010198295116424505,-0.0723371803760528,-0.003502398729324341,-0.1167906671762467,0.117642343044281,0.046555340290069525,0.024528264999389704,0.09659287333488459,0.1373027265071869,0.0501739084720611,-0.07015818357467649,-0.09657502174377441,0.05393373966217041,0.05175971984863281,-0.06163141131401062,0.0012170076370238703,0.0668676495552063,0.01599287986755371,0.13602939248085022,0.18213567137718203,-0.08060561120510101,-0.062496244907379206,-0.08530059456825256,-0.06696510314941406,0.07579591870307928,0.04496723413467407,-0.2327209115028382,-0.2135659158229828,-0.12924355268478394,0.21137773990631104,-0.2187062799930573,-0.19551858305931097,-0.04937869310379028,-0.2532934844493866,-0.06982946395874018,0.07033830881118774,0.09252282977104187,-0.1394902467727661,-0.19669309258460999,-0.12854522466659546,0.1622790694236756,-0.05992045998573298,0.07602697610855108,0.018933743238449097,0.0802017748355866,0.12463018298149103,0.10229039192199707,0.14338594675064087,0.025775045156478937,-0.06898340582847601,-0.11746850609779358,-0.20831546187400823,-0.1901150345802307,-0.17519313097000128,-0.1284646987915039,-0.17018589377403265,-0.0959160327911377,-0.13773709535598755,-0.1453225314617157,-0.1811643689870834,-0.07747557759284979,-0.0114060640335083,0.058468252420425415,-0.0015498548746109009,-0.1256593614816666,0.06678497791290289,0.01128509640693659,0.022128045558929443,0.079461008310318,0.0923707336187363,0.04709185659885409,-0.025812402367591886,0.03820881247520441,0.2102848887443543,0.09955739974975591,-0.03795459866523737,-0.08072715997695923,-0.24085873365402222,-0.014035552740097101,-0.0526101291179657,0.1428402066230774,0.11071509122848516,-0.004851818084716797,0.042048811912536566,0.05877760052680969,-0.00820690393447876,-0.08329904079437256,-0.05754023790359497,-0.0011501908302307129,-0.030175328254699707,-0.25450944900512695,-0.2121397852897644,-0.10546413064002991,0.20664343237876898,0.23014840483665466,-0.003961712121963501,-0.0951693058013916,-0.2353394627571106
